Open Time,Open,High,Low,Close,Volume,Close Time,Quote Asset Volume,Number of Trades,Taker Buy Base Asset Volume,Taker Buy Quote Asset Volume,Ignore
2021-04-21 06:00:00,55204.60000000,55822.77000000,54968.69000000,55304.04000000,8687.94958500,2021-04-21 09:59:59,481304360.05205588,302344,4060.50905700,224992004.85440480,0
2021-04-21 10:00:00,55304.04000000,55750.00000000,54276.85000000,54563.37000000,11444.90052100,2021-04-21 13:59:59,630446385.27572109,377735,5384.55101000,296636521.82521161,0
2021-04-21 14:00:00,54563.36000000,56346.70000000,54300.00000000,56153.75000000,13237.46564200,2021-04-21 17:59:59,736187051.90184603,361773,6722.01445500,373834942.66983751,0
2021-04-21 18:00:00,56149.93000000,56339.98000000,55129.00000000,55478.70000000,8554.67277200,2021-04-21 21:59:59,476270597.71425738,278314,4364.07050100,242944927.91934109,0
2021-04-21 22:00:00,55478.70000000,55481.16000000,53536.02000000,53787.63000000,14357.86025400,2021-04-22 01:59:59,781625644.82200344,485238,6987.92897800,380367602.33481870,0
2021-04-22 02:00:00,53787.62000000,54638.00000000,52561.00000000,53497.09000000,20660.95802700,2021-04-22 05:59:59,1107260520.16676729,449613,9956.58797400,533707522.25793614,0
2021-04-22 06:00:00,53494.63000000,54850.00000000,53450.00000000,54144.99000000,11139.01590600,2021-04-22 09:59:59,604744297.40245444,298539,5415.16040000,293950599.53029341,0
2021-04-22 10:00:00,54146.01000000,55223.00000000,53080.00000000,54866.62000000,15193.81089900,2021-04-22 13:59:59,821552104.55728532,415995,7414.17509500,400956453.02994359,0
2021-04-22 14:00:00,54866.63000000,55521.48000000,54310.04000000,54651.64000000,12713.72890800,2021-04-22 17:59:59,697194345.46439040,370014,6423.12405000,352209358.61153420,0
2021-04-22 18:00:00,54651.63000000,55166.19000000,52222.17000000,52923.54000000,20501.11210600,2021-04-22 21:59:59,1098634512.45832485,501891,9726.75593300,521356145.75015256,0
2021-04-22 22:00:00,52923.54000000,52932.39000000,50500.00000000,51690.96000000,24448.00549100,2021-04-23 01:59:59,1265598077.26886994,708569,11614.96801800,601565207.20884593,0
2021-04-23 02:00:00,51690.95000000,52131.85000000,48555.00000000,50298.76000000,39495.75050900,2021-04-23 05:59:59,1991206061.10536606,914664,19433.96908700,981149573.00938623,0
2021-04-23 06:00:00,50298.76000000,50572.08000000,47700.00000000,47942.44000000,30271.24101300,2021-04-23 09:59:59,1483161434.57953408,632137,14206.50897400,696672290.07587253,0
2021-04-23 10:00:00,47936.00000000,50269.17000000,47500.00000000,50070.36000000,24132.00104700,2021-04-23 13:59:59,1179176253.00434821,521160,12001.38704900,586338591.15448809,0
2021-04-23 14:00:00,50070.36000000,50300.00000000,48541.00000000,49836.62000000,15811.39073000,2021-04-23 17:59:59,781084997.70772382,330998,7775.66549900,384051663.20196425,0
2021-04-23 18:00:00,49836.63000000,50920.00000000,49470.26000000,50876.72000000,11761.53229300,2021-04-23 21:59:59,590029907.90022161,252043,5513.74206100,276590337.54552017,0
2021-04-23 22:00:00,50876.71000000,51301.34000000,50140.00000000,51125.14000000,10758.86512700,2021-04-24 01:59:59,546438663.17072458,237235,4838.34858300,245590339.06765303,0
2021-04-24 02:00:00,51110.56000000,51166.22000000,49304.06000000,50109.93000000,10590.62759600,2021-04-24 05:59:59,530174611.06717487,201051,5280.54799600,264287588.21045764,0
2021-04-24 06:00:00,50109.92000000,50631.16000000,49649.70000000,49805.20000000,7461.85993400,2021-04-24 09:59:59,374310740.83727197,160703,3700.64473900,185596427.53282055,0
2021-04-24 10:00:00,49798.96000000,50217.89000000,48657.14000000,49073.71000000,11991.55327000,2021-04-24 13:59:59,591776278.43913099,263286,5519.54757500,272360046.25535830,0
2021-04-24 14:00:00,49072.12000000,50360.63000000,48900.00000000,50212.03000000,12218.30157600,2021-04-24 17:59:59,605134565.73400460,216616,5555.61484100,275141020.33166365,0
2021-04-24 18:00:00,50210.01000000,50888.00000000,49650.00000000,50667.75000000,6999.06978200,2021-04-24 21:59:59,352040584.41647194,173074,3609.99965800,181550937.80416392,0
2021-04-24 22:00:00,50667.79000000,51000.00000000,49900.00000000,50047.84000000,6100.10041500,2021-04-25 01:59:59,308644222.38460864,150255,3115.87819800,157671689.72233356,0
2021-04-25 02:00:00,50047.84000000,50452.85000000,49600.00000000,49615.54000000,6421.00871300,2021-04-25 05:59:59,321413769.80197329,127917,3291.66894200,164803285.50893402,0
2021-04-25 06:00:00,49626.76000000,49705.04000000,49600.24000000,49683.94000000,5.88703400,2021-04-25 06:00:58,292226.01345715,224,4.22924500,209956.01047409,0
2021-04-25 10:00:00,49683.95000000,50280.00000000,49161.94000000,49550.73000000,10523.72690600,2021-04-25 13:59:59,521764471.26820163,274159,5388.76875300,267100195.82279548,0
2021-04-25 14:00:00,49550.74000000,50567.91000000,49450.00000000,50257.97000000,10588.50125500,2021-04-25 17:59:59,529768203.87670160,256965,4942.09208500,247301738.27568634,0
2021-04-25 18:00:00,50257.97000000,50434.00000000,49295.09000000,49333.01000000,8232.07500600,2021-04-25 21:59:59,410376008.77636428,306064,4173.66027300,208078574.78371161,0
2021-04-25 22:00:00,49333.01000000,49593.18000000,46930.00000000,49066.77000000,22484.44609000,2021-04-26 01:59:59,1084243635.45062163,510150,9966.91209600,480427121.12656493,0
2021-04-26 02:00:00,49066.76000000,52500.00000000,48753.44000000,52398.99000000,21323.43699600,2021-04-26 05:59:59,1092800209.91914354,398377,11185.72007000,572932445.48224889,0
2021-04-26 06:00:00,52398.99000000,53080.00000000,52000.00000000,52801.37000000,12982.59522900,2021-04-26 09:59:59,682297812.39058275,346240,6665.34509700,350319745.61298647,0
2021-04-26 10:00:00,52801.37000000,53685.00000000,52275.00000000,53598.39000000,13057.44546400,2021-04-26 13:59:59,693392592.88273155,325033,6644.56449100,352846109.59235304,0
2021-04-26 14:00:00,53598.39000000,53950.00000000,53200.00000000,53571.12000000,12487.79422400,2021-04-26 17:59:59,669355826.65036902,360922,5702.60855400,305665234.75885661,0
2021-04-26 18:00:00,53571.13000000,54356.62000000,52868.07000000,54036.19000000,13564.51584100,2021-04-26 21:59:59,729630997.97354850,362520,6459.25857100,347375072.51786960,0
2021-04-26 22:00:00,54038.21000000,54250.00000000,52600.36000000,54001.39000000,12895.01437000,2021-04-27 01:59:59,688211063.58101168,381452,6526.43996600,348236898.89099877,0
2021-04-27 02:00:00,54001.38000000,54160.61000000,53267.71000000,53460.30000000,7766.38673800,2021-04-27 05:59:59,417323176.41992737,212705,3553.35944700,190963763.83595527,0
2021-04-27 06:00:00,53460.30000000,54933.74000000,53222.00000000,54545.01000000,10521.36638800,2021-04-27 09:59:59,571037569.35603738,256369,4892.51123000,265475894.42481104,0
2021-04-27 10:00:00,54545.00000000,55242.32000000,54248.92000000,55152.43000000,9661.99434800,2021-04-27 13:59:59,528491624.02825105,322440,4767.30395000,260760888.79686843,0
2021-04-27 14:00:00,55152.43000000,55300.00000000,54258.32000000,54981.87000000,12350.41487900,2021-04-27 17:59:59,677177657.87862052,336652,5843.39807100,320437257.84054980,0
2021-04-27 18:00:00,54981.86000000,55081.61000000,54258.40000000,54761.70000000,7488.52975800,2021-04-27 21:59:59,410226774.91867402,234258,3437.14800100,188295419.49297044,0
2021-04-27 22:00:00,54761.70000000,55460.00000000,54738.43000000,55011.97000000,6275.34256400,2021-04-28 01:59:59,345462525.76547938,206242,3137.35393000,172798576.78518119,0
2021-04-28 02:00:00,55011.97000000,55738.00000000,54769.42000000,54774.05000000,9735.22176700,2021-04-28 05:59:59,538535511.20776914,255499,4356.69833200,241083038.47190699,0
2021-04-28 06:00:00,54774.05000000,54995.07000000,53813.16000000,54255.98000000,10449.15362800,2021-04-28 09:59:59,568022814.00125671,384389,4945.30051900,268744784.98981362,0
2021-04-28 10:00:00,54255.98000000,55087.85000000,53917.64000000,54853.26000000,8471.39624600,2021-04-28 13:59:59,461280647.62842431,290349,4285.81221300,233316575.65408078,0
2021-04-28 14:00:00,54853.26000000,55327.00000000,54111.11000000,54338.14000000,8387.12884300,2021-04-28 17:59:59,459311959.81000166,278123,4136.82438300,226592254.46683870,0
2021-04-28 18:00:00,54338.14000000,55432.00000000,54245.33000000,55411.97000000,6539.81642600,2021-04-28 21:59:59,358295630.59714529,227726,3319.77760800,181940472.26982223,0
2021-04-28 22:00:00,55407.03000000,56428.00000000,54002.00000000,54846.22000000,11547.74210500,2021-04-29 01:59:59,634796224.26208059,393956,5717.62036700,314601789.16285974,0
2021-04-29 02:00:00,54846.23000000,55195.84000000,54046.33000000,54265.10000000,7127.89194100,2021-04-29 05:59:59,389101528.73873641,244149,3417.12106800,186497452.99152636,0
2021-04-29 06:00:00,54265.10000000,54493.87000000,53482.22000000,54465.14000000,8732.81015400,2021-04-29 09:59:59,471860522.93547128,281822,4027.13819200,217653551.20504763,0
2021-04-29 10:00:00,54465.27000000,54739.43000000,53759.98000000,54300.16000000,8709.30514200,2021-04-29 13:59:59,473048678.66917866,315088,4162.80995700,226140986.30999664,0
2021-04-29 14:00:00,54300.16000000,54531.89000000,53303.68000000,53703.11000000,10338.51024800,2021-04-29 17:59:59,557119590.36986006,380081,5004.03545800,269693090.43730070,0
2021-04-29 18:00:00,53703.11000000,53816.19000000,52476.69000000,52860.02000000,11220.07280200,2021-04-29 21:59:59,594616535.61067606,339434,5619.72394300,297777702.43804046,0
2021-04-29 22:00:00,52860.02000000,53650.63000000,52330.94000000,53555.00000000,6357.42916800,2021-04-30 01:59:59,337473479.15211881,203102,3108.91528400,165058384.55062771,0
2021-04-30 02:00:00,53555.00000000,53816.36000000,53013.01000000,53679.03000000,8135.86581800,2021-04-30 05:59:59,435131409.98932716,235789,3981.61048100,212933657.22169232,0
2021-04-30 06:00:00,53679.04000000,54558.80000000,53673.05000000,54343.11000000,9665.96274200,2021-04-30 09:59:59,523751806.88858674,339911,5147.28980800,278920972.07507880,0
2021-04-30 10:00:00,54343.11000000,54792.33000000,54051.11000000,54230.63000000,7863.06157300,2021-04-30 13:59:59,427702521.98587732,296678,3954.37394800,215105014.47306636,0
2021-04-30 14:00:00,54230.64000000,57258.15000000,54170.89000000,57180.06000000,21815.52226600,2021-04-30 17:59:59,1218766695.25828905,616960,11902.06980500,664937032.51781787,0
2021-04-30 18:00:00,57180.05000000,57385.00000000,56277.39000000,57007.38000000,11856.68673800,2021-04-30 21:59:59,673987322.40527606,416378,5920.88175000,336516927.27954295,0
2021-04-30 22:00:00,57007.38000000,57963.00000000,56374.21000000,57694.27000000,9241.81090800,2021-05-01 01:59:59,528847616.21202322,361932,4727.90329500,270452932.65697971,0
2021-05-01 02:00:00,57697.25000000,58458.07000000,57421.05000000,58178.67000000,10096.94040000,2021-05-01 05:59:59,585793602.30172458,371445,4852.77965600,281592832.63662574,0
2021-05-01 06:00:00,58177.59000000,58422.31000000,57585.55000000,57725.14000000,6729.89624800,2021-05-01 09:59:59,390366755.59225144,247941,3182.52065300,184609514.77366650,0
2021-05-01 10:00:00,57725.14000000,57930.00000000,57116.16000000,57816.90000000,7190.04672800,2021-05-01 13:59:59,413826102.81447711,320520,3597.25803000,207036608.75303157,0
2021-05-01 14:00:00,57816.91000000,58043.01000000,56956.14000000,57356.58000000,7376.61972700,2021-05-01 17:59:59,424641886.28956222,379142,3575.75873200,205885687.32385160,0
2021-05-01 18:00:00,57356.59000000,57998.97000000,57218.00000000,57770.31000000,6358.75689600,2021-05-01 21:59:59,366181027.16018320,234184,3105.31244100,178855306.61401764,0
2021-05-01 22:00:00,57770.32000000,57939.00000000,57243.65000000,57800.37000000,4848.09183700,2021-05-02 01:59:59,279533580.68432225,189781,2261.18071400,130375021.91253042,0
2021-05-02 02:00:00,57797.35000000,57911.02000000,56323.66000000,56450.19000000,7209.98658800,2021-05-02 05:59:59,412370178.55631084,253484,3381.61896200,193414020.18377090,0
2021-05-02 06:00:00,56450.19000000,57129.00000000,56171.31000000,56633.02000000,6137.57336800,2021-05-02 09:59:59,347941063.11992197,247263,3062.15396100,173595926.49223727,0
2021-05-02 10:00:00,56633.03000000,57090.00000000,56035.25000000,57090.00000000,7180.35999300,2021-05-02 13:59:59,405738581.00299290,242017,3664.77664200,207105135.56725831,0
2021-05-02 14:00:00,57090.00000000,57286.96000000,56231.55000000,56595.20000000,5974.87761200,2021-05-02 17:59:59,339209620.23889465,220996,2965.28637000,168348740.17295165,0
2021-05-02 18:00:00,56595.20000000,56968.56000000,56317.59000000,56836.40000000,5016.93196100,2021-05-02 21:59:59,284437324.93727480,199681,2515.93021400,142645392.23121756,0
2021-05-02 22:00:00,56836.39000000,57141.05000000,56212.00000000,56578.21000000,5293.14934100,2021-05-03 01:59:59,300066462.58423167,208197,2583.12568700,146460417.79172221,0
2021-05-03 02:00:00,56578.21000000,58289.99000000,56525.00000000,57925.80000000,9396.29102900,2021-05-03 05:59:59,542693379.02613510,279773,4610.23164200,266235522.66924911,0
2021-05-03 06:00:00,57925.79000000,58848.00000000,57696.70000000,58787.87000000,9346.97225500,2021-05-03 09:59:59,543800680.54662525,329460,4986.29893800,290074814.28164689,0
2021-05-03 10:00:00,58787.88000000,58981.44000000,58277.12000000,58657.63000000,9368.15432300,2021-05-03 13:59:59,549203194.28153388,304558,4666.71308900,273539580.80967628,0
2021-05-03 14:00:00,58657.64000000,58770.00000000,57260.00000000,57601.83000000,11235.73369200,2021-05-03 17:59:59,651939272.21114628,418051,5275.10778100,306143285.90903904,0
2021-05-03 18:00:00,57603.33000000,58170.00000000,57169.00000000,57564.87000000,8767.24339500,2021-05-03 21:59:59,506079147.94931827,368455,4397.90150300,253895069.02012249,0
2021-05-03 22:00:00,57564.86000000,57575.05000000,56435.00000000,57169.39000000,9535.53659200,2021-05-04 01:59:59,543888868.61262199,401831,4599.80258000,262397901.46853088,0
2021-05-04 02:00:00,57169.39000000,57200.00000000,54580.00000000,55452.17000000,16977.89823100,2021-05-04 05:59:59,947232608.16986787,488126,7869.56880600,439395159.29738954,0
2021-05-04 06:00:00,55452.16000000,56361.82000000,55122.00000000,55917.97000000,8518.87125400,2021-05-04 09:59:59,476542730.12322795,249000,4284.06532100,239628879.64088518,0
2021-05-04 10:00:00,55917.98000000,56637.89000000,55555.00000000,56143.42000000,10623.43390600,2021-05-04 13:59:59,595991793.64621570,325747,5059.24306100,283809765.64976877,0
2021-05-04 14:00:00,56143.43000000,56321.18000000,53526.00000000,53799.33000000,25558.30939400,2021-05-04 17:59:59,1406777206.37342754,677402,12110.72140000,666804267.16731655,0
2021-05-04 18:00:00,53802.54000000,54745.81000000,53201.01000000,54541.13000000,15002.09730000,2021-05-04 21:59:59,810866430.74535444,454309,7490.97850300,404918943.68987686,0
2021-05-04 22:00:00,54539.73000000,54824.00000000,53046.69000000,53200.01000000,8644.01581800,2021-05-05 01:59:59,467991295.24288166,298045,4215.11115500,228237488.36951295,0
2021-05-05 02:00:00,53205.05000000,55415.83000000,52900.00000000,54795.19000000,13128.37786600,2021-05-05 05:59:59,717224034.88189091,367381,6334.55782100,346188146.33025625,0
2021-05-05 06:00:00,54798.87000000,55285.71000000,53922.84000000,54858.35000000,10080.01401100,2021-05-05 09:59:59,550312273.46262819,296409,4918.51871000,268516761.41908418,0
2021-05-05 10:00:00,54858.35000000,55809.24000000,54679.13000000,55108.95000000,9957.73314100,2021-05-05 13:59:59,550188146.83796788,327520,4932.63144100,272567853.13933429,0
2021-05-05 14:00:00,55108.95000000,57712.06000000,55032.65000000,57636.74000000,19336.62196000,2021-05-05 17:59:59,1091247178.63543420,543966,10003.84124500,564550971.93861163,0
2021-05-05 18:00:00,57635.89000000,58069.82000000,57043.00000000,57136.04000000,14748.36754900,2021-05-05 21:59:59,847800526.07035082,469674,7479.26091200,430003880.97569409,0
2021-05-05 22:00:00,57136.04000000,57619.86000000,56576.04000000,57436.11000000,10012.80891200,2021-05-06 01:59:59,571222136.26316444,373169,5060.66488700,288711897.97429622,0
2021-05-06 02:00:00,57436.11000000,57570.00000000,56570.66000000,56797.09000000,9957.85137700,2021-05-06 05:59:59,567332324.57681901,332375,4764.29597900,271460912.13631813,0
2021-05-06 06:00:00,56797.09000000,57568.42000000,56331.66000000,56814.79000000,9411.58230500,2021-05-06 09:59:59,535763969.24281500,348061,4731.19867200,269326163.13315784,0
2021-05-06 10:00:00,56814.79000000,58360.00000000,56772.75000000,57988.00000000,12460.66657000,2021-05-06 13:59:59,718258004.34570188,382199,6640.88569900,382870227.86191094,0
2021-05-06 14:00:00,57988.00000000,58099.00000000,56763.00000000,57088.49000000,12092.18850300,2021-05-06 17:59:59,693195512.37298476,421346,5798.05894500,332437450.82944625,0
2021-05-06 18:00:00,57088.48000000,57475.00000000,55200.00000000,56128.42000000,17181.90826300,2021-05-06 21:59:59,967633010.23269393,631771,8052.11237200,453586812.41447770,0
2021-05-06 22:00:00,56128.42000000,56794.40000000,55674.13000000,56393.68000000,9077.47489000,2021-05-07 01:59:59,510106706.96608282,344129,4262.34797600,239528715.31670559,0
2021-05-07 02:00:00,56393.68000000,57122.17000000,55476.74000000,55705.67000000,13216.07946100,2021-05-07 05:59:59,742260615.90334061,430607,6229.43094100,349892292.95822512,0
2021-05-07 06:00:00,55705.67000000,56280.88000000,55241.63000000,55766.34000000,9694.86786100,2021-05-07 09:59:59,541389192.36007348,299593,4919.74625000,274731005.40316165,0
2021-05-07 10:00:00,55766.33000000,56784.00000000,55570.35000000,56464.74000000,10430.29368200,2021-05-07 13:59:59,586931047.55265862,326935,5257.91933700,295828294.37185503,0
2021-05-07 14:00:00,56464.74000000,57680.00000000,56228.24000000,57519.24000000,14789.91973200,2021-05-07 17:59:59,844603217.81099758,466203,7324.44867400,418282605.49179981,0
2021-05-07 18:00:00,57519.25000000,58650.00000000,57132.65000000,57584.01000000,15968.62803300,2021-05-07 21:59:59,925244409.56585459,481485,8134.27271300,471414632.52122278,0
2021-05-07 22:00:00,57584.01000000,58074.31000000,56749.75000000,57314.75000000,10442.95906000,2021-05-08 01:59:59,598946004.28184746,356869,5011.78465100,287460566.48349269,0
2021-05-08 02:00:00,57315.49000000,58400.00000000,56900.00000000,58099.98000000,9205.85190900,2021-05-08 05:59:59,531794266.27906708,378389,4506.85264100,260387434.22874705,0
2021-05-08 06:00:00,58099.86000000,58599.99000000,57500.00000000,58463.06000000,9129.56824000,2021-05-08 09:59:59,529824644.93116828,310360,4532.37273000,263070524.12837307,0
2021-05-08 10:00:00,58463.06000000,59379.26000000,58305.00000000,58556.09000000,13405.42534700,2021-05-08 13:59:59,789102453.48583365,467964,6910.47464000,406811943.74536843,0
2021-05-08 14:00:00,58556.09000000,59438.64000000,57472.95000000,57599.87000000,16338.47391400,2021-05-08 17:59:59,958534481.06518546,421401,7914.51885900,464401552.44523972,0
2021-05-08 18:00:00,57599.86000000,59300.00000000,57560.63000000,59030.56000000,13538.22210600,2021-05-08 21:59:59,793899977.56373596,421712,6590.93684400,386616451.96210540,0
2021-05-08 22:00:00,59030.56000000,59500.00000000,58466.00000000,58862.05000000,8092.36451200,2021-05-09 01:59:59,476398008.66307394,311552,3874.54344200,228154716.07907155,0
2021-05-09 02:00:00,58866.53000000,59300.00000000,58325.09000000,58632.78000000,11973.23696100,2021-05-09 05:59:59,703648240.64782416,368736,6405.32338400,376431762.09879512,0
2021-05-09 06:00:00,58635.72000000,58974.91000000,57575.00000000,57965.59000000,16054.30340800,2021-05-09 09:59:59,935047521.00200861,475419,7752.35889700,451731330.69744528,0
2021-05-09 10:00:00,57965.59000000,58400.00000000,57535.61000000,57907.49000000,9774.47663000,2021-05-09 13:59:59,566633935.04358389,310211,4690.57100800,271931597.34796795,0
2021-05-09 14:00:00,57907.49000000,58000.00000000,56235.66000000,57379.58000000,15021.12640200,2021-05-09 17:59:59,858128668.68728731,452934,7064.12359400,403687035.24567372,0
2021-05-09 18:00:00,57379.58000000,57883.11000000,57048.96000000,57266.97000000,8143.73278200,2021-05-09 21:59:59,467740253.06168618,275740,3926.42290400,225539232.23344119,0
2021-05-09 22:00:00,57266.97000000,58439.70000000,57179.18000000,58240.84000000,8839.24372700,2021-05-10 01:59:59,512354083.06420851,287099,4462.25067000,258638584.31685868,0
2021-05-10 02:00:00,58240.83000000,59444.90000000,58009.96000000,59356.76000000,10905.20852400,2021-05-10 05:59:59,641705754.23041695,326093,5627.65561400,331258941.25684194,0
2021-05-10 06:00:00,59356.77000000,59500.00000000,58355.79000000,58370.17000000,9885.99987900,2021-05-10 09:59:59,583293798.17765313,296005,5027.85483900,296743966.56803520,0
2021-05-10 10:00:00,58370.17000000,58593.79000000,57301.81000000,58070.63000000,12483.08317500,2021-05-10 13:59:59,724056456.51411466,402201,6106.48683700,354240180.91726155,0
2021-05-10 14:00:00,58070.63000000,58320.00000000,56700.00000000,58296.36000000,16492.41199600,2021-05-10 17:59:59,949081568.31041265,428786,7726.14666400,444738556.06966354,0
2021-05-10 18:00:00,58296.35000000,58593.70000000,55516.85000000,55733.76000000,18984.73670000,2021-05-10 21:59:59,1082376837.31550291,504590,8591.28614800,489791725.45229085,0
2021-05-10 22:00:00,55733.76000000,56269.89000000,53400.00000000,55816.14000000,20834.90897600,2021-05-11 01:59:59,1151268225.41803706,617744,9978.54692700,551428127.70347858,0
2021-05-11 02:00:00,55816.14000000,56435.48000000,54370.00000000,55142.46000000,14287.87901500,2021-05-11 05:59:59,791264540.46217688,363704,6771.97976700,375012852.32151155,0
2021-05-11 06:00:00,55142.44000000,55846.90000000,54589.00000000,55740.09000000,9500.41961300,2021-05-11 09:59:59,525424940.08701259,268330,4587.67673000,253744256.63825575,0
2021-05-11 10:00:00,55737.89000000,56190.00000000,55125.71000000,55210.47000000,11000.37109800,2021-05-11 13:59:59,612323289.76509382,334264,5274.42477100,293587350.74813028,0
2021-05-11 14:00:00,55210.47000000,56176.00000000,54766.44000000,56052.82000000,13895.31508900,2021-05-11 17:59:59,771313320.58539471,406443,6658.02809100,369516248.40417447,0
2021-05-11 18:00:00,56052.83000000,56850.00000000,55750.00000000,56608.94000000,9622.53391700,2021-05-11 21:59:59,541964988.00901571,304582,4606.43255700,259493698.85438360,0
2021-05-11 22:00:00,56608.93000000,56862.43000000,56168.98000000,56670.02000000,6023.02181800,2021-05-12 01:59:59,340739575.85432533,234157,2982.28642300,168721181.25717787,0
2021-05-12 02:00:00,56670.02000000,57872.18000000,56555.12000000,57756.94000000,10732.22956200,2021-05-12 05:59:59,613694000.07234405,332661,5339.26779900,305306805.89176304,0
2021-05-12 06:00:00,57756.95000000,58000.01000000,56882.00000000,57101.07000000,9083.45978400,2021-05-12 09:59:59,520822449.55120672,259702,4666.82653300,267597952.05827977,0
2021-05-12 10:00:00,57101.08000000,57195.50000000,55950.45000000,56421.46000000,12121.89404700,2021-05-12 13:59:59,685336701.60191649,328328,6212.32537600,351248608.92984503,0
2021-05-12 14:00:00,56421.45000000,56900.00000000,55232.56000000,55479.13000000,16223.01585100,2021-05-12 17:59:59,910401035.96840495,422492,8230.77806800,461929910.05695895,0
2021-05-12 18:00:00,55479.13000000,55677.31000000,53500.00000000,54432.39000000,20363.45905800,2021-05-12 21:59:59,1110400840.59341409,542201,9713.41686200,529660490.02410944,0
2021-05-12 22:00:00,54437.00000000,54751.92000000,48600.00000000,49631.32000000,31318.73153400,2021-05-13 01:59:59,1635460065.32318161,791442,14137.21136300,739153879.13162092,0
2021-05-13 02:00:00,49537.15000000,50829.98000000,46000.00000000,50461.99000000,42786.02688400,2021-05-13 05:59:59,2122372199.70102596,939750,20155.06363600,1000640094.87726379,0
2021-05-13 06:00:00,50461.99000000,51367.19000000,50282.00000000,50879.72000000,16124.77399100,2021-05-13 09:59:59,820864523.19492579,423501,7910.33541100,402632248.87144006,0
2021-05-13 10:00:00,50879.73000000,50950.00000000,48457.12000000,49777.01000000,28154.67405600,2021-05-13 13:59:59,1398171914.46040587,667141,14159.13937200,703280412.64061744,0
2021-05-13 14:00:00,49777.01000000,50884.34000000,49458.68000000,49627.64000000,17291.35710400,2021-05-13 17:59:59,867253398.46791939,450914,8622.51841500,432473403.11688243,0
2021-05-13 18:00:00,49627.63000000,50429.99000000,47000.00000000,48568.85000000,28937.19670200,2021-05-13 21:59:59,1403797607.52066131,662627,13538.22924400,657421826.01937296,0
2021-05-13 22:00:00,48569.97000000,49879.77000000,48350.00000000,49670.97000000,14037.97338400,2021-05-14 01:59:59,691235045.25646254,426573,7356.71728100,362287482.47901864,0
2021-05-14 02:00:00,49671.92000000,50390.70000000,49021.01000000,49157.93000000,13663.10241700,2021-05-14 05:59:59,680454305.72613437,340927,6385.26057000,317931169.45607546,0
2021-05-14 06:00:00,49157.94000000,50286.26000000,48799.75000000,49987.20000000,14234.10972800,2021-05-14 09:59:59,703365312.38776278,352301,7001.49239300,346123889.49449272,0
2021-05-14 10:00:00,49987.19000000,50958.32000000,49880.00000000,50538.14000000,14914.49714400,2021-05-14 13:59:59,752810309.40482709,383575,6828.01269100,344549321.38700025,0
2021-05-14 14:00:00,50538.13000000,51483.00000000,50037.00000000,51211.98000000,13868.25326400,2021-05-14 17:59:59,703799792.33587229,364675,6502.27004100,329986833.94167224,0
2021-05-14 18:00:00,51211.98000000,51322.41000000,50083.80000000,50138.09000000,12471.01461000,2021-05-14 21:59:59,631862286.00555214,337756,5434.45097000,275343924.20757239,0
2021-05-14 22:00:00,50141.33000000,50294.60000000,49030.00000000,49841.45000000,10931.22714300,2021-05-15 01:59:59,543612909.54776195,316626,5032.64219800,250227482.01590158,0
2021-05-15 02:00:00,49844.16000000,50700.00000000,49269.78000000,49627.01000000,10530.44345800,2021-05-15 05:59:59,526516104.58322001,308270,5181.56730900,259116181.10950463,0
2021-05-15 06:00:00,49627.02000000,49861.20000000,48400.00000000,48469.28000000,14762.20292200,2021-05-15 09:59:59,725778028.85250904,377537,6843.99439900,336521350.88116456,0
2021-05-15 10:00:00,48469.71000000,49298.59000000,47721.84000000,48929.74000000,16135.57094500,2021-05-15 13:59:59,782565251.49176872,395384,7619.09269200,369587637.21148676,0
2021-05-15 14:00:00,48929.73000000,49697.63000000,48527.07000000,48982.99000000,14914.28498600,2021-05-15 17:59:59,733070728.93251427,356383,7041.08342400,346046503.44019232,0
2021-05-15 18:00:00,48983.00000000,48994.27000000,46900.00000000,48108.40000000,20279.08393200,2021-05-15 21:59:59,969301107.72741647,479104,9550.00394200,456570255.55333810,0
2021-05-15 22:00:00,48108.40000000,48738.75000000,46555.00000000,46762.99000000,12815.86311600,2021-05-16 01:59:59,613544624.92992937,370113,6022.17669700,288460916.66533472,0
2021-05-16 02:00:00,46762.99000000,48406.44000000,46467.00000000,48383.46000000,12801.10138200,2021-05-16 05:59:59,610132094.01045481,328221,6095.78991500,290654853.87428107,0
2021-05-16 06:00:00,48386.62000000,49500.00000000,48034.82000000,49375.28000000,10802.03337500,2021-05-16 09:59:59,527037403.67396898,290583,5284.62697600,257863766.93764388,0
2021-05-16 10:00:00,49375.28000000,49795.89000000,48656.00000000,49014.99000000,10956.00658300,2021-05-16 13:59:59,539356014.46280250,295393,4975.14421600,244938454.13482248,0
2021-05-16 14:00:00,49014.99000000,49249.06000000,47566.01000000,47727.26000000,14166.96199500,2021-05-16 17:59:59,686860355.98472207,359065,7002.12360300,339442493.93820058,0
2021-05-16 18:00:00,47727.26000000,48097.59000000,44444.44000000,45549.26000000,36819.65345600,2021-05-16 21:59:59,1707677066.07910638,738566,16601.94563900,770847330.31797799,0
2021-05-16 22:00:00,45553.24000000,46480.00000000,43825.39000000,46431.50000000,28724.05598400,2021-05-17 01:59:59,1296434673.90484591,649467,13837.96052800,624924496.90509339,0
2021-05-17 02:00:00,46426.83000000,46686.00000000,42777.00000000,42915.46000000,28171.85844700,2021-05-17 05:59:59,1254164925.55669521,554773,13480.92995900,600472813.49402100,0
2021-05-17 06:00:00,42915.46000000,45400.00000000,42196.97000000,45149.18000000,40557.45817000,2021-05-17 09:59:59,1776455814.90408923,740284,19199.10347000,841811893.02118463,0
2021-05-17 10:00:00,45143.28000000,45800.00000000,44291.84000000,45731.39000000,23851.50751000,2021-05-17 13:59:59,1076550350.69787060,433504,12055.72117700,544060879.82107360,0
2021-05-17 14:00:00,45733.55000000,45791.04000000,43156.00000000,43362.75000000,23137.98931500,2021-05-17 17:59:59,1030222860.54122680,445235,11250.19663100,500990709.75231236,0
2021-05-17 18:00:00,43357.00000000,44400.00000000,42001.00000000,44197.73000000,30883.16203900,2021-05-17 21:59:59,1333084871.61038786,596249,15181.39039200,655749982.18706598,0
2021-05-17 22:00:00,44197.73000000,44939.20000000,42500.00000000,43538.04000000,20055.19725500,2021-05-18 01:59:59,876276708.62358784,446776,9442.80495200,412669478.04726400,0
2021-05-18 02:00:00,43538.02000000,45281.34000000,43150.79000000,44779.83000000,19252.91945300,2021-05-18 05:59:59,859544979.92147751,369611,9582.77442000,427725018.22692498,0
2021-05-18 06:00:00,44774.78000000,45799.29000000,44738.26000000,45172.70000000,17218.43054900,2021-05-18 09:59:59,778844074.16465542,350030,7671.71016500,347008956.78946163,0
2021-05-18 10:00:00,45172.69000000,45662.14000000,44607.08000000,45321.02000000,13102.72960800,2021-05-18 13:59:59,591310691.82221766,345672,6442.78358600,290792851.39333291,0
2021-05-18 14:00:00,45318.76000000,45341.84000000,42507.00000000,42969.47000000,29573.28358200,2021-05-18 17:59:59,1288631983.93134379,610152,13912.09821700,606538117.57637386,0
2021-05-18 18:00:00,42969.46000000,43825.65000000,42371.96000000,43262.71000000,23258.65433400,2021-05-18 21:59:59,1002508391.20559707,527951,11005.59837600,474346122.52463851,0
2021-05-18 22:00:00,43262.70000000,43522.64000000,42250.02000000,42849.78000000,14573.84325800,2021-05-19 01:59:59,625830161.50261038,357749,7088.03564600,304437712.70524798,0
2021-05-19 02:00:00,42849.78000000,43584.90000000,40125.00000000,40591.15000000,36126.91047600,2021-05-19 05:59:59,1492144582.42678770,658974,16612.73751800,686257551.14900440,0
2021-05-19 06:00:00,40591.99000000,40846.97000000,38550.00000000,40371.44000000,49067.76754900,2021-05-19 09:59:59,1940384906.61528323,898964,22244.62009200,880068985.15447145,0
2021-05-19 10:00:00,40354.98000000,40888.00000000,36333.00000000,38700.00000000,47653.49786900,2021-05-19 13:59:59,1860509790.87563715,824678,21795.80485000,853430477.94107405,0
2021-05-19 14:00:00,38700.00000000,39295.51000000,30000.00000000,37318.52000000,121040.67646600,2021-05-19 17:59:59,4301363249.70959077,2179036,57750.12948800,2061264281.06985462,0
2021-05-19 18:00:00,37310.14000000,40442.00000000,36111.00000000,39342.93000000,63230.66193300,2021-05-19 21:59:59,2450349198.32965737,1050886,31731.79718300,1229711152.84020490,0
2021-05-19 22:00:00,39337.45000000,40200.00000000,36600.01000000,36690.09000000,37227.72886800,2021-05-20 01:59:59,1432943206.91484142,718524,18136.25817700,699300068.36891680,0
2021-05-20 02:00:00,36671.23000000,38599.00000000,34850.00000000,38341.04000000,48547.69901700,2021-05-20 05:59:59,1795417060.16112882,906538,23743.06321700,878717207.34202977,0
2021-05-20 06:00:00,38340.01000000,40780.87000000,38202.11000000,39959.68000000,32200.02778400,2021-05-20 09:59:59,1280082492.53210028,699189,16585.18662700,659274568.39480508,0
2021-05-20 10:00:00,39959.67000000,40690.56000000,38700.00000000,40475.17000000,29967.71724300,2021-05-20 13:59:59,1194435615.09948480,585794,14460.94525300,576390958.78035533,0
2021-05-20 14:00:00,40476.68000000,42451.67000000,40086.09000000,41432.88000000,38027.21318000,2021-05-20 17:59:59,1583607026.47308923,780395,19380.04844800,807146089.21095036,0
2021-05-20 18:00:00,41432.88000000,41450.00000000,38110.00000000,40116.04000000,36207.21962400,2021-05-20 21:59:59,1433861665.72807809,738624,17007.01124100,673774523.06476903,0
2021-05-20 22:00:00,40116.04000000,41900.00000000,39383.52000000,40526.64000000,18067.72007500,2021-05-21 01:59:59,732493207.18233866,559358,8990.87162700,364342566.43958466,0
2021-05-21 02:00:00,40525.39000000,42200.00000000,40408.84000000,40666.91000000,16888.74195600,2021-05-21 05:59:59,697108239.08012088,471460,8170.88566200,337362583.04547340,0
2021-05-21 06:00:00,40662.00000000,40800.00000000,39222.00000000,39842.57000000,19169.07259400,2021-05-21 09:59:59,765365103.24641761,427012,8841.86614500,353005903.62317756,0
2021-05-21 10:00:00,39842.58000000,41230.67000000,39277.00000000,41124.29000000,21578.03074400,2021-05-21 13:59:59,872744799.61599999,439864,9903.73812000,400757639.62630137,0
2021-05-21 14:00:00,41124.30000000,41789.40000000,36444.44000000,36794.57000000,60933.59105900,2021-05-21 17:59:59,2346135429.35609499,1084652,28331.53447600,1092147257.67838437,0
2021-05-21 18:00:00,36803.28000000,37825.75000000,35501.01000000,36062.12000000,41178.47059500,2021-05-21 21:59:59,1513755560.19315343,734955,19264.08221400,708607024.81321791,0
2021-05-21 22:00:00,36062.13000000,37447.00000000,33488.00000000,37252.01000000,42352.98131000,2021-05-22 01:59:59,1518237478.78234193,835393,19490.32479200,699868978.00109573,0
2021-05-22 02:00:00,37263.35000000,38100.00000000,36517.03000000,36951.85000000,23246.89106300,2021-05-22 05:59:59,867880498.67533631,437739,11965.69999700,446655191.90759561,0
2021-05-22 06:00:00,36947.31000000,37219.45000000,35200.62000000,36269.28000000,25655.68255500,2021-05-22 09:59:59,927544476.71309120,517234,12797.16803100,462581133.83273855,0
2021-05-22 10:00:00,36266.36000000,38827.52000000,36258.96000000,38157.76000000,24609.50253000,2021-05-22 13:59:59,922202302.68975654,506359,12435.52635800,466522952.47896289,0
2021-05-22 14:00:00,38157.75000000,38829.00000000,37000.00000000,38162.40000000,23049.09802700,2021-05-22 17:59:59,877801723.98009817,530775,11347.80400700,432186262.67289204,0
2021-05-22 18:00:00,38161.92000000,38600.00000000,37158.14000000,37286.65000000,16910.01537100,2021-05-22 21:59:59,641057621.17669204,408152,8136.40755100,308532678.36934774,0
2021-05-22 22:00:00,37286.65000000,38400.00000000,37268.76000000,37449.73000000,13071.05414300,2021-05-23 01:59:59,494081024.43942683,316432,6627.84606800,250603281.26852112,0
2021-05-23 02:00:00,37458.51000000,38270.64000000,36668.99000000,37421.59000000,14854.36275300,2021-05-23 05:59:59,558227962.48830819,299121,7220.18252200,271388113.82316490,0
2021-05-23 06:00:00,37421.59000000,37421.59000000,35530.00000000,35927.69000000,19893.34722900,2021-05-23 09:59:59,728023023.20418848,470502,9578.60809600,350613301.94648694,0
2021-05-23 10:00:00,35927.70000000,35930.89000000,33800.59000000,35389.10000000,48344.18958700,2021-05-23 13:59:59,1687513500.48707054,852365,23552.13539400,822355665.01152196,0
2021-05-23 14:00:00,35386.80000000,35800.00000000,32600.00000000,33318.09000000,53820.33881900,2021-05-23 17:59:59,1818576795.40806486,965749,25960.10308100,877359563.35917812,0
2021-05-23 18:00:00,33316.42000000,33900.00000000,31111.01000000,33051.73000000,58933.66486200,2021-05-23 21:59:59,1913688868.02530355,934259,27968.65801900,909541525.85593995,0
2021-05-23 22:00:00,33047.33000000,35000.00000000,33045.31000000,34655.25000000,21290.14334300,2021-05-24 01:59:59,725212313.59090643,560008,10357.97229700,353001149.75008974,0
2021-05-24 02:00:00,34681.44000000,35889.00000000,34664.77000000,35251.37000000,22428.73322300,2021-05-24 05:59:59,791336635.04750881,487468,10954.93296700,386596277.59251201,0
2021-05-24 06:00:00,35250.56000000,36887.00000000,34031.00000000,36645.79000000,25590.36199700,2021-05-24 09:59:59,913784772.55245907,526913,12479.51739500,445695682.67998567,0
2021-05-24 10:00:00,36645.79000000,37922.18000000,35877.52000000,37600.01000000,32135.12366900,2021-05-24 13:59:59,1180532708.68083536,612975,15525.37551900,570224422.45534582,0
2021-05-24 14:00:00,37600.01000000,38637.70000000,37266.58000000,37539.63000000,32643.66321400,2021-05-24 17:59:59,1236384224.99370683,669882,17272.88958500,654329144.52737266,0
2021-05-24 18:00:00,37539.64000000,39787.96000000,36818.55000000,39606.10000000,28459.49504700,2021-05-24 21:59:59,1081936996.04260105,656841,14766.31862400,561996639.03291706,0
2021-05-24 22:00:00,39606.11000000,39920.00000000,37955.42000000,38796.29000000,20373.51682100,2021-05-25 01:59:59,792797694.83423378,556499,10585.79122400,412189932.23074742,0
2021-05-25 02:00:00,38810.99000000,39791.77000000,37800.50000000,38304.51000000,21694.80287500,2021-05-25 05:59:59,841219313.26689871,568578,10637.22457700,412533788.06500102,0
2021-05-25 06:00:00,38306.43000000,39200.00000000,37608.00000000,38985.06000000,16331.60007600,2021-05-25 09:59:59,627824199.32168253,345772,8080.49563700,310721472.44748545,0
2021-05-25 10:00:00,38993.91000000,39110.00000000,36486.00000000,36537.16000000,23406.30178100,2021-05-25 13:59:59,878323042.15045330,485845,11209.18967200,420781655.26023653,0
2021-05-25 14:00:00,36537.17000000,38481.18000000,36419.62000000,38277.57000000,27140.25257400,2021-05-25 17:59:59,1018700542.47417975,506679,12945.96019400,485994113.61470137,0
2021-05-25 18:00:00,38277.55000000,38299.88000000,37011.00000000,37292.69000000,12652.65668900,2021-05-25 21:59:59,478381067.23219710,310353,5855.86953300,221454083.71784160,0
2021-05-25 22:00:00,37292.69000000,38753.98000000,37250.01000000,38324.72000000,10770.61440900,2021-05-26 01:59:59,409071414.93331743,291083,5424.79720100,205978496.84564505,0
2021-05-26 02:00:00,38324.72000000,39693.66000000,37800.44000000,39503.98000000,16881.43529000,2021-05-26 05:59:59,655888940.01453649,410163,8051.51009800,312875475.78236806,0
2021-05-26 06:00:00,39503.98000000,40755.00000000,39000.00000000,40445.79000000,18277.29211000,2021-05-26 09:59:59,730052827.28663501,426938,9267.06403100,370288900.30814674,0
2021-05-26 10:00:00,40445.79000000,40841.00000000,39379.79000000,39850.65000000,17436.64866500,2021-05-26 13:59:59,696820441.60402758,391077,8350.46318700,333817731.95818512,0
2021-05-26 14:00:00,39850.66000000,40289.75000000,38440.00000000,38758.61000000,23079.23482800,2021-05-26 17:59:59,905565815.11856030,537805,11451.39548300,449392596.23951820,0
2021-05-26 18:00:00,38758.62000000,39350.00000000,37900.03000000,38485.10000000,17828.26977400,2021-05-26 21:59:59,687230166.70239125,388146,8085.26230500,311866538.52346644,0
2021-05-26 22:00:00,38476.74000000,39450.69000000,38280.19000000,39241.91000000,11277.89272900,2021-05-27 01:59:59,438159314.53740418,278190,5279.38189000,205182098.74824024,0
2021-05-27 02:00:00,39241.92000000,39243.10000000,37134.27000000,37621.56000000,15983.29379200,2021-05-27 05:59:59,607174721.00194828,382676,7635.48450900,290052320.66587006,0
2021-05-27 06:00:00,37623.64000000,38407.42000000,37204.76000000,38275.47000000,11318.16101800,2021-05-27 09:59:59,428900684.16049740,244243,5613.41514000,212767451.76640858,0
2021-05-27 10:00:00,38275.47000000,39888.02000000,37826.08000000,39690.01000000,16212.37977600,2021-05-27 13:59:59,634699520.45988613,342885,8042.04714200,314813117.44864027,0
2021-05-27 14:00:00,39690.00000000,40411.14000000,39256.59000000,39667.00000000,18400.64495100,2021-05-27 17:59:59,733474167.50641199,463146,9264.94049600,369346007.30193668,0
2021-05-27 18:00:00,39666.99000000,39721.28000000,38500.00000000,38768.35000000,14102.53984400,2021-05-27 21:59:59,550317444.60730457,345159,6824.74450000,266293866.82640186,0
2021-05-27 22:00:00,38768.36000000,39187.35000000,38195.19000000,38529.98000000,10530.13941300,2021-05-28 01:59:59,406846988.31749509,324073,4875.38101400,188408789.51987975,0
2021-05-28 02:00:00,38529.99000000,38877.83000000,37687.77000000,38237.18000000,11987.45889700,2021-05-28 05:59:59,457267202.07815578,315139,5434.23338500,207332759.35138038,0
2021-05-28 06:00:00,38237.10000000,38237.10000000,36442.00000000,36975.93000000,25493.58490400,2021-05-28 09:59:59,945548960.12315742,536715,12293.29729800,456060605.81531053,0
2021-05-28 10:00:00,36975.65000000,37250.00000000,35100.00000000,35351.65000000,30447.39510700,2021-05-28 13:59:59,1095205482.50091058,559853,13818.09313600,497274491.30166158,0
2021-05-28 14:00:00,35351.65000000,37279.98000000,35168.24000000,36749.31000000,22680.51033800,2021-05-28 17:59:59,830682515.89320635,441228,11217.52424300,410783506.75105124,0
2021-05-28 18:00:00,36751.59000000,36845.93000000,35551.06000000,35789.30000000,22911.38874700,2021-05-28 21:59:59,826550175.72446597,377378,10912.49000900,393739906.12382149,0
2021-05-28 22:00:00,35789.31000000,36240.00000000,34684.00000000,35663.49000000,21857.29172700,2021-05-29 01:59:59,771006605.61371733,428865,10651.64378200,375869419.73023397,0
2021-05-29 02:00:00,35661.79000000,36774.44000000,35617.87000000,36458.77000000,13503.57169400,2021-05-29 05:59:59,489236214.49728450,279538,6511.65700500,235925213.35541010,0
2021-05-29 06:00:00,36458.77000000,37338.58000000,35604.30000000,36145.02000000,14936.62768100,2021-05-29 09:59:59,545829874.55878063,314493,7517.26279800,274772603.14130907,0
2021-05-29 10:00:00,36145.00000000,36350.00000000,34567.89000000,35375.00000000,19419.64730400,2021-05-29 13:59:59,686915761.83651791,362807,9366.91887100,331403572.24847135,0
2021-05-29 14:00:00,35375.00000000,35402.34000000,33800.00000000,34416.27000000,28768.89807300,2021-05-29 17:59:59,994200173.83921624,504300,13517.75112300,467344300.84267845,0
2021-05-29 18:00:00,34416.26000000,35049.00000000,33632.76000000,34025.43000000,21833.74263300,2021-05-29 21:59:59,745444920.34052359,418172,10710.41769100,365792980.62325983,0
2021-05-29 22:00:00,34025.44000000,35100.00000000,33752.30000000,34605.15000000,14200.60530400,2021-05-30 01:59:59,488216390.25027219,290333,6660.19216400,229106998.56787733,0
2021-05-30 02:00:00,34605.15000000,34974.99000000,33379.00000000,34770.12000000,14272.27287600,2021-05-30 05:59:59,486359952.16706076,285933,7043.26598500,240213592.19029450,0
2021-05-30 06:00:00,34770.13000000,36232.09000000,34631.73000000,35998.33000000,16499.13536200,2021-05-30 09:59:59,584262510.02885679,322216,8289.89100200,293669907.25425725,0
2021-05-30 10:00:00,35996.12000000,36420.00000000,35546.42000000,36359.44000000,12233.87155100,2021-05-30 13:59:59,438916364.44168974,251186,6596.80295000,236782995.79125811,0
2021-05-30 14:00:00,36359.44000000,36488.00000000,35100.00000000,35477.00000000,13055.15015700,2021-05-30 17:59:59,464577054.55430649,284556,6592.31247300,234611652.78598204,0
2021-05-30 18:00:00,35477.00000000,36284.44000000,35300.00000000,36077.59000000,9731.03431700,2021-05-30 21:59:59,349468199.88802361,237685,4906.98420100,176236173.21985354,0
2021-05-30 22:00:00,36077.59000000,36350.00000000,35500.00000000,35641.27000000,7743.92270400,2021-05-31 01:59:59,278410867.06830477,178316,3977.55729200,143103601.31292856,0
2021-05-31 02:00:00,35641.26000000,36000.00000000,34250.55000000,34489.57000000,14130.86534500,2021-05-31 05:59:59,493646976.93669972,275229,6415.59110700,224133205.55837786,0
2021-05-31 06:00:00,34489.58000000,35975.00000000,34153.84000000,35850.17000000,16153.46863900,2021-05-31 09:59:59,564662420.76937958,298565,7702.22605700,269329213.32370988,0
2021-05-31 10:00:00,35850.17000000,37195.00000000,35588.08000000,36836.46000000,22947.48623200,2021-05-31 13:59:59,837453090.67285853,411408,11562.09354300,421869444.00120229,0
2021-05-31 14:00:00,36836.46000000,37278.03000000,36333.44000000,36961.16000000,18576.75976800,2021-05-31 17:59:59,683609799.53519008,348987,9363.79464200,344667113.40091466,0
2021-05-31 18:00:00,36961.16000000,37457.07000000,36510.01000000,36863.67000000,14199.65304700,2021-05-31 21:59:59,524909961.52883813,308743,7128.74630000,263577147.85781750,0
2021-05-31 22:00:00,36865.75000000,37499.00000000,36557.30000000,37253.81000000,8152.50225800,2021-06-01 01:59:59,301765485.38816248,253427,4165.48085500,154220599.91533930,0
2021-06-01 02:00:00,37253.82000000,37894.81000000,36478.00000000,36704.99000000,14647.05840800,2021-06-01 05:59:59,545557247.22180813,321092,6763.31667600,251814080.48768828,0
2021-06-01 06:00:00,36706.80000000,37443.72000000,36561.89000000,36831.58000000,10095.34783300,2021-06-01 09:59:59,373118467.96958846,304958,5071.33347500,187481567.96394026,0
2021-06-01 10:00:00,36831.58000000,36939.81000000,35902.43000000,36596.62000000,13819.88776200,2021-06-01 13:59:59,501885538.79079156,301293,6571.16981400,238679709.82060000,0
2021-06-01 14:00:00,36596.63000000,37440.00000000,35666.00000000,36235.29000000,22029.82561400,2021-06-01 17:59:59,806116506.09533707,384355,11267.45722500,412550277.41757195,0
2021-06-01 18:00:00,36235.28000000,36492.89000000,35716.66000000,35973.87000000,12918.45295800,2021-06-01 21:59:59,466289458.92802122,260705,6544.64324500,236292985.74289537,0
2021-06-01 22:00:00,35973.86000000,36800.00000000,35873.08000000,36693.09000000,7724.09119500,2021-06-02 01:59:59,280961081.37004067,188014,4073.91441600,148189669.80095145,0
2021-06-02 02:00:00,36694.85000000,36900.00000000,35920.00000000,36472.39000000,8003.51935600,2021-06-02 05:59:59,291219326.09053353,190911,3780.42852200,137559377.93883200,0
2021-06-02 06:00:00,36472.38000000,37400.00000000,36472.38000000,37220.00000000,12459.23471900,2021-06-02 09:59:59,459950545.10029725,229338,6713.01854700,247880829.79010232,0
2021-06-02 10:00:00,37219.99000000,37538.07000000,36851.45000000,37203.08000000,12842.30359800,2021-06-02 13:59:59,477894264.87431713,259641,6637.10970800,247030857.98881549,0
2021-06-02 14:00:00,37203.08000000,38225.00000000,37058.61000000,38040.70000000,17546.73297700,2021-06-02 17:59:59,661536167.20304754,378086,9286.24719900,350120435.86635432,0
2021-06-02 18:00:00,38040.69000000,38200.00000000,37727.37000000,37884.57000000,9291.59159200,2021-06-02 21:59:59,352494148.02992342,276901,4467.65000100,169519504.53183826,0
2021-06-02 22:00:00,37884.58000000,37929.97000000,37320.00000000,37568.68000000,7443.99025300,2021-06-03 01:59:59,280368124.39031878,196038,3444.04231000,129743468.79614039,0
2021-06-03 02:00:00,37568.68000000,37903.14000000,37170.00000000,37634.57000000,8381.71411200,2021-06-03 05:59:59,313748591.67791674,211163,3961.24239000,148313474.86814378,0
2021-06-03 06:00:00,37635.24000000,39039.19000000,37600.00000000,38634.09000000,16294.65853700,2021-06-03 09:59:59,627469534.00755834,350153,8329.06076300,320566017.56455665,0
2021-06-03 10:00:00,38634.77000000,39476.00000000,38518.96000000,38781.75000000,16219.77488600,2021-06-03 13:59:59,633224784.86970520,475733,8229.60560000,321288990.04429833,0
2021-06-03 14:00:00,38781.75000000,39265.25000000,38288.00000000,38535.61000000,17461.33171600,2021-06-03 17:59:59,675864105.74209628,436515,9393.74268900,363608624.47855714,0
2021-06-03 18:00:00,38535.60000000,38997.00000000,38431.03000000,38596.64000000,9064.79618800,2021-06-03 21:59:59,351009234.39464418,249928,4456.08195400,172527476.11085408,0
2021-06-03 22:00:00,38596.65000000,39450.00000000,38532.31000000,39246.79000000,8466.83057200,2021-06-04 01:59:59,329629075.01728632,226166,4294.56445300,167200084.54739187,0
2021-06-04 02:00:00,39246.78000000,39289.07000000,37320.26000000,37933.72000000,17147.96416500,2021-06-04 05:59:59,652167796.11269697,436607,8102.24046700,308078782.84676572,0
2021-06-04 06:00:00,37933.73000000,37939.25000000,36218.21000000,36610.29000000,23389.57437200,2021-06-04 09:59:59,863693520.97722942,468342,10579.98072700,390555247.14415661,0
2021-06-04 10:00:00,36606.80000000,37028.65000000,36072.82000000,36585.66000000,13162.87543300,2021-06-04 13:59:59,482493800.99200325,264763,6356.18040900,232965259.71995303,0
2021-06-04 14:00:00,36585.67000000,37139.00000000,35555.15000000,36948.85000000,21006.88207900,2021-06-04 17:59:59,766579136.58517864,390799,10149.69549800,370589668.80564240,0
2021-06-04 18:00:00,36948.86000000,37248.94000000,36708.00000000,36800.99000000,9025.76488200,2021-06-04 21:59:59,333983987.59940457,199720,4215.23091900,155993188.79814528,0
2021-06-04 22:00:00,36801.00000000,37246.99000000,36462.42000000,36829.00000000,7584.73831400,2021-06-05 01:59:59,280481512.66400974,166080,3702.64371000,136916005.65216361,0
2021-06-05 02:00:00,36829.15000000,37846.60000000,36613.22000000,37410.00000000,9026.45342000,2021-06-05 05:59:59,338489786.81062588,193321,4456.52844000,167092777.61768126,0
2021-06-05 06:00:00,37410.04000000,37925.00000000,37410.04000000,37582.14000000,6937.42711300,2021-06-05 09:59:59,261297949.92822530,158769,3322.38967000,125149254.15811565,0
2021-06-05 10:00:00,37582.13000000,37850.00000000,35667.00000000,35869.42000000,17020.94441000,2021-06-05 13:59:59,623532433.64811488,351397,8038.76181500,294520831.06921249,0
2021-06-05 14:00:00,35869.42000000,36435.00000000,35250.00000000,36321.42000000,16230.48953000,2021-06-05 17:59:59,581422290.27541392,305955,8069.67084600,289146833.38948204,0
2021-06-05 18:00:00,36321.42000000,36324.20000000,35692.04000000,35778.94000000,7580.99756600,2021-06-05 21:59:59,273475119.30982670,168186,3633.83287000,131109488.76936492,0
2021-06-05 22:00:00,35777.61000000,36016.10000000,34800.00000000,35513.20000000,13663.30945100,2021-06-06 01:59:59,482329536.86419907,286126,6876.59071900,242688986.26853528,0
2021-06-06 02:00:00,35516.07000000,36257.34000000,35405.61000000,35989.67000000,8393.51836900,2021-06-06 05:59:59,301207047.75769558,152239,4127.81534500,148104833.36177700,0
2021-06-06 06:00:00,35988.56000000,36480.00000000,35701.04000000,36132.57000000,7058.62076500,2021-06-06 09:59:59,254583478.80405006,142507,3598.55181700,129829112.98805982,0
2021-06-06 10:00:00,36132.52000000,36414.55000000,35800.93000000,35868.13000000,7201.66281500,2021-06-06 13:59:59,259909619.86412595,170387,3418.66184800,123392004.77552574,0
2021-06-06 14:00:00,35868.12000000,36429.28000000,35450.00000000,36157.47000000,9473.72472500,2021-06-06 17:59:59,340124388.81485076,193711,5009.09140500,179913386.35190885,0
2021-06-06 18:00:00,36157.47000000,36317.81000000,35705.00000000,35747.15000000,6657.59726700,2021-06-06 21:59:59,239793164.88149861,160802,3262.03824200,117506852.58815975,0
2021-06-06 22:00:00,35747.14000000,35995.28000000,35222.00000000,35796.31000000,8865.08269600,2021-06-07 01:59:59,316239374.92494870,173784,4245.10197900,151458060.69712451,0
2021-06-07 02:00:00,35796.31000000,36900.00000000,35498.62000000,36392.93000000,11686.91807800,2021-06-07 05:59:59,425362775.34640596,212511,5772.74603400,210098866.98665071,0
2021-06-07 06:00:00,36392.94000000,36545.01000000,35850.66000000,36139.99000000,7855.82757100,2021-06-07 09:59:59,284239860.81467401,165427,3655.77799200,132278229.80495630,0
2021-06-07 10:00:00,36139.99000000,36591.72000000,35900.52000000,36376.47000000,10325.17770000,2021-06-07 13:59:59,374877043.95283712,190412,5138.59357000,186557360.31692685,0
2021-06-07 14:00:00,36376.47000000,36777.47000000,35860.50000000,36035.51000000,10919.49430400,2021-06-07 17:59:59,396153003.00994291,219752,5253.58216100,190638299.30398709,0
2021-06-07 18:00:00,36035.35000000,36079.63000000,35328.02000000,35634.46000000,10952.38654000,2021-06-07 21:59:59,390568169.44686834,232442,5374.38386000,191686559.44282563,0
2021-06-07 22:00:00,35634.45000000,35744.52000000,33300.00000000,33552.79000000,25835.14838000,2021-06-08 01:59:59,884472749.14318554,511716,11236.47696900,384498295.85329936,0
2021-06-08 02:00:00,33556.96000000,34068.01000000,32351.00000000,32817.09000000,27138.25221300,2021-06-08 05:59:59,901330878.34427552,444325,12909.59183300,429159784.18590611,0
2021-06-08 06:00:00,32817.09000000,33246.09000000,32123.00000000,32966.70000000,18150.28085000,2021-06-08 09:59:59,595344154.07866665,316716,8515.74410900,279413730.28235294,0
2021-06-08 10:00:00,32966.70000000,33373.01000000,32651.52000000,33089.99000000,16467.15770900,2021-06-08 13:59:59,542734332.61565579,266742,8541.43185300,281469413.65161705,0
2021-06-08 14:00:00,33084.43000000,33179.23000000,31000.00000000,31705.24000000,28569.80082100,2021-06-08 17:59:59,911857598.05796066,469287,13362.40974700,426696075.38311733,0
2021-06-08 18:00:00,31705.25000000,32999.35000000,31563.52000000,32864.18000000,18675.74021600,2021-06-08 21:59:59,603412472.87273267,315888,9550.25176600,308515982.14777294,0
2021-06-08 22:00:00,32864.19000000,33841.98000000,32661.95000000,33380.81000000,14249.95722800,2021-06-09 01:59:59,476104888.64039276,261927,7216.56089300,241099861.91843183,0
2021-06-09 02:00:00,33380.80000000,33540.47000000,32396.82000000,32863.07000000,13371.48863300,2021-06-09 05:59:59,439731005.56963341,231780,6354.95559400,208979823.48259249,0
2021-06-09 06:00:00,32862.25000000,34512.95000000,32536.49000000,34169.05000000,22620.33319900,2021-06-09 09:59:59,763347267.74638486,352640,11639.19641100,392708053.18025240,0
2021-06-09 10:00:00,34168.11000000,35045.55000000,33808.00000000,34972.42000000,20888.74579000,2021-06-09 13:59:59,717910132.36104538,344381,10416.52701800,358005995.45982367,0
2021-06-09 14:00:00,34972.42000000,36736.00000000,34512.94000000,36357.11000000,38906.50305400,2021-06-09 17:59:59,1382481282.61153462,720743,19542.62056500,694395759.98126686,0
2021-06-09 18:00:00,36356.42000000,37000.00000000,35650.16000000,36260.45000000,25218.74536000,2021-06-09 21:59:59,916067481.59451937,607011,12684.13308400,461037090.56505167,0
2021-06-09 22:00:00,36260.45000000,37534.79000000,36112.00000000,37388.05000000,15601.78148100,2021-06-10 01:59:59,575204504.55570540,344924,8152.85659300,300662952.41694315,0
2021-06-10 02:00:00,37388.05000000,37666.11000000,36751.07000000,36959.69000000,15106.20934800,2021-06-10 05:59:59,560755726.83504003,301686,7188.06432200,266853122.75828146,0
2021-06-10 06:00:00,36959.70000000,37220.99000000,36500.00000000,36962.14000000,12050.34945900,2021-06-10 09:59:59,443497166.74646077,266188,5767.49586600,212258492.36616138,0
2021-06-10 10:00:00,36962.12000000,38491.00000000,36242.57000000,37818.54000000,29837.78566900,2021-06-10 13:59:59,1119124321.39479695,559524,15000.11976000,562587331.01314210,0
2021-06-10 14:00:00,37819.27000000,38198.23000000,36612.00000000,36896.75000000,23315.07767800,2021-06-10 17:59:59,871723429.34601343,463771,11605.06671300,434069972.20211776,0
2021-06-10 18:00:00,36896.65000000,37150.00000000,36100.00000000,36675.09000000,15795.99163100,2021-06-10 21:59:59,578680030.46480268,326316,7647.55049700,280215890.72320714,0
2021-06-10 22:00:00,36675.10000000,37088.00000000,35782.00000000,36675.72000000,13421.87115800,2021-06-11 01:59:59,489176487.57718607,313945,6431.12686400,234501270.15480482,0
2021-06-11 02:00:00,36677.83000000,37300.00000000,35936.77000000,36754.40000000,13593.74551400,2021-06-11 05:59:59,496260787.14888501,280154,6539.60692100,238854577.56355699,0
2021-06-11 06:00:00,36754.41000000,37435.00000000,36390.32000000,37147.55000000,13931.72954000,2021-06-11 09:59:59,514536716.06286381,297600,6942.68570100,256449715.13887035,0
2021-06-11 10:00:00,37147.56000000,37680.40000000,36921.00000000,37378.82000000,14475.66291400,2021-06-11 13:59:59,539560449.88144416,354297,7606.37678100,283609356.18152648,0
2021-06-11 14:00:00,37378.82000000,37589.00000000,36747.62000000,36818.41000000,12282.87087400,2021-06-11 17:59:59,456880513.43633714,238336,6174.96651500,229803975.84084442,0
2021-06-11 18:00:00,36818.42000000,37419.01000000,36511.52000000,37246.77000000,12329.34358200,2021-06-11 21:59:59,455152010.50630508,274202,6283.52309900,232020214.26040392,0
2021-06-11 22:00:00,37246.76000000,37498.58000000,36745.00000000,37331.98000000,11852.65287600,2021-06-12 01:59:59,440653166.27423671,283056,5859.56020700,217881594.29164147,0
2021-06-12 02:00:00,37331.98000000,37463.63000000,35277.00000000,35571.19000000,24477.86472000,2021-06-12 05:59:59,885976655.35356075,383660,12008.53717900,434516874.29109065,0
2021-06-12 06:00:00,35572.84000000,35726.68000000,35000.00000000,35289.06000000,15392.99260300,2021-06-12 09:59:59,543923445.53459798,243100,7407.62599000,261824391.33283720,0
2021-06-12 10:00:00,35289.06000000,35900.00000000,34600.36000000,35596.70000000,18010.31080800,2021-06-12 13:59:59,635799379.59063100,339789,8517.64469600,300810718.45688136,0
2021-06-12 14:00:00,35597.50000000,36238.00000000,35315.00000000,35384.96000000,14248.78019900,2021-06-12 17:59:59,509708968.06429014,319363,6794.35359600,243005476.58026418,0
2021-06-12 18:00:00,35384.96000000,35997.67000000,35300.00000000,35730.00000000,8363.09787400,2021-06-12 21:59:59,298190670.10506727,287747,4238.97959200,151143200.00584753,0
2021-06-12 22:00:00,35730.01000000,36143.93000000,35420.32000000,35546.11000000,7224.50378600,2021-06-13 01:59:59,258788207.88936672,145991,3604.06426000,129132073.63298811,0
2021-06-13 02:00:00,35546.12000000,35926.96000000,34816.02000000,34867.80000000,9711.33353200,2021-06-13 05:59:59,343672742.91063789,170733,4497.60512100,159204270.00920398,0
2021-06-13 06:00:00,34867.81000000,35499.86000000,34757.00000000,35280.02000000,8911.50791600,2021-06-13 09:59:59,312906747.49194773,160944,4549.74014200,159778908.69324760,0
2021-06-13 10:00:00,35282.02000000,36099.00000000,35171.55000000,35904.03000000,10701.32834800,2021-06-13 13:59:59,382434237.92310076,180602,5539.79632600,198003328.68450191,0
2021-06-13 14:00:00,35904.02000000,36150.00000000,35670.00000000,36034.97000000,9405.69857500,2021-06-13 17:59:59,337933750.04773517,277994,4830.86294200,173617056.57744017,0
2021-06-13 18:00:00,36034.96000000,37750.14000000,35970.00000000,37650.00000000,22064.60781000,2021-06-13 21:59:59,818627876.58917857,562592,11864.31417100,439973326.16303594,0
2021-06-13 22:00:00,37650.00000000,39380.00000000,37636.18000000,39020.57000000,26126.54937400,2021-06-14 01:59:59,1013416166.67507993,541238,14392.95491400,558034468.28427276,0
2021-06-14 02:00:00,39020.56000000,39800.00000000,38730.00000000,38975.14000000,19015.54058600,2021-06-14 05:59:59,744567156.77798420,306596,10024.84882100,392748506.94753645,0
2021-06-14 06:00:00,38975.14000000,39700.00000000,38782.34000000,39555.24000000,12639.85818600,2021-06-14 09:59:59,497636280.24642524,283612,6449.90024000,253963513.80268753,0
2021-06-14 10:00:00,39555.25000000,39629.01000000,38820.00000000,39166.33000000,13481.89623600,2021-06-14 13:59:59,528813094.87489592,285754,6025.99504800,236270462.37218048,0
2021-06-14 14:00:00,39166.33000000,41064.05000000,39040.00000000,40685.37000000,32269.37525900,2021-06-14 17:59:59,1302900915.46891022,603329,16200.30439600,653631997.58797388,0
2021-06-14 18:00:00,40685.37000000,40740.03000000,39323.10000000,39716.06000000,19945.82700500,2021-06-14 21:59:59,798030461.30968111,378277,9469.89196200,378956754.69593999,0
2021-06-14 22:00:00,39716.06000000,40605.87000000,39602.00000000,40516.29000000,11169.89467700,2021-06-15 01:59:59,448359738.08749283,327521,5474.96827700,219714677.21418704,0
2021-06-15 02:00:00,40516.28000000,40900.00000000,39856.60000000,40404.86000000,12104.79445500,2021-06-15 05:59:59,488650459.47023805,280461,5732.17242800,231452038.89959634,0
2021-06-15 06:00:00,40403.13000000,40580.00000000,40100.00000000,40365.74000000,8921.67520900,2021-06-15 09:59:59,360001765.89979239,214864,4132.94182100,166784715.36012195,0
2021-06-15 10:00:00,40367.41000000,40400.00000000,39531.00000000,39839.90000000,13863.18214500,2021-06-15 13:59:59,553787042.74730658,382701,6638.89585400,265203016.20521414,0
2021-06-15 14:00:00,39839.90000000,40450.00000000,39720.00000000,40065.01000000,12670.08089400,2021-06-15 17:59:59,507895518.87569036,376742,6486.56558400,260056247.56958476,0
2021-06-15 18:00:00,40065.01000000,41330.00000000,39768.00000000,39958.01000000,22512.74592500,2021-06-15 21:59:59,913108592.41335744,397721,11301.63314700,458420721.67869996,0
2021-06-15 22:00:00,39957.76000000,40365.27000000,39506.40000000,40144.04000000,10607.14421000,2021-06-16 01:59:59,424303334.22102488,279401,5136.62089200,205464826.10219573,0
2021-06-16 02:00:00,40143.80000000,40181.95000000,39610.00000000,40013.63000000,7196.47463300,2021-06-16 05:59:59,287594055.32711930,227716,3528.23813600,141033782.45965198,0
2021-06-16 06:00:00,40013.64000000,40527.14000000,39840.00000000,40126.87000000,14664.54418400,2021-06-16 09:59:59,590654458.48770287,413429,6983.18484800,281198081.18427400,0
2021-06-16 10:00:00,40126.87000000,40260.14000000,38877.46000000,39080.01000000,16161.83647700,2021-06-16 13:59:59,639779313.81400383,470461,7605.12332900,301158014.16256311,0
2021-06-16 14:00:00,39080.01000000,39504.99000000,38565.00000000,38775.66000000,16463.57803900,2021-06-16 17:59:59,642182268.48296549,433792,8538.54830000,333150019.87002585,0
2021-06-16 18:00:00,38775.66000000,39735.52000000,38301.68000000,38680.11000000,23114.72511500,2021-06-16 21:59:59,898337057.80213696,390991,10992.65255700,427512906.25417426,0
2021-06-16 22:00:00,38680.10000000,38925.00000000,38116.01000000,38349.01000000,10170.81848900,2021-06-17 01:59:59,392008887.68665508,198508,4489.49508100,173082870.89233232,0
2021-06-17 02:00:00,38349.00000000,38978.75000000,38213.23000000,38865.05000000,8985.15627900,2021-06-17 05:59:59,347625595.61111222,196413,4014.49250300,155294149.43808492,0
2021-06-17 06:00:00,38865.05000000,39400.00000000,38644.40000000,39207.36000000,11394.73100000,2021-06-17 09:59:59,444914501.47692274,242765,5431.15742900,212095954.84017927,0
2021-06-17 10:00:00,39208.67000000,39559.88000000,39057.27000000,39146.36000000,10847.19742600,2021-06-17 13:59:59,426231745.10614878,281477,5525.77698400,217163680.69615966,0
2021-06-17 14:00:00,39148.26000000,39195.90000000,38411.39000000,39007.91000000,15961.09659000,2021-06-17 17:59:59,619345763.04807747,266519,7910.25415400,306947286.54881395,0
2021-06-17 18:00:00,39008.01000000,39111.56000000,37505.00000000,37702.53000000,21600.73207300,2021-06-17 21:59:59,821398325.63131218,422243,9803.78271700,372811913.91210232,0
2021-06-17 22:00:00,37702.53000000,38258.00000000,37365.00000000,38092.97000000,10752.39375100,2021-06-18 01:59:59,406106599.16631264,210793,5251.34888600,198416691.68048545,0
2021-06-18 02:00:00,38092.97000000,38202.84000000,37213.00000000,37926.79000000,11186.10112500,2021-06-18 05:59:59,421943102.91221603,282044,5084.48132000,191804762.43568469,0
2021-06-18 06:00:00,37926.78000000,38148.11000000,37377.00000000,37715.03000000,10812.07648700,2021-06-18 09:59:59,408194516.28272813,185804,5089.21833500,192089310.94129296,0
2021-06-18 10:00:00,37715.04000000,38029.99000000,37063.80000000,37821.95000000,15124.11803400,2021-06-18 13:59:59,569092313.48577908,267615,7559.32913400,284395171.72845263,0
2021-06-18 14:00:00,37818.57000000,37948.55000000,36278.50000000,36355.10000000,24222.20162500,2021-06-18 17:59:59,894983513.32515769,473508,11243.37533100,415349432.95361138,0
2021-06-18 18:00:00,36355.97000000,36818.44000000,35129.29000000,35327.24000000,22970.08792300,2021-06-18 21:59:59,825248342.62930754,383451,10760.46089400,386913593.98063776,0
2021-06-18 22:00:00,35323.65000000,35928.39000000,35232.26000000,35819.84000000,10913.45774100,2021-06-19 01:59:59,388406337.67101413,216831,5087.57155300,181061369.34713732,0
2021-06-19 02:00:00,35820.48000000,36297.30000000,34803.52000000,35103.44000000,14164.14833600,2021-06-19 05:59:59,503351317.22613581,244363,6556.42844300,233080456.66478832,0
2021-06-19 06:00:00,35103.44000000,35873.90000000,34961.39000000,35785.96000000,12578.95653600,2021-06-19 09:59:59,445564321.50035939,233987,6151.70042700,218015412.06162626,0
2021-06-19 10:00:00,35785.95000000,35995.00000000,35561.81000000,35940.22000000,8978.99194300,2021-06-19 13:59:59,321224325.14082304,155859,4440.47463900,158854562.16982025,0
2021-06-19 14:00:00,35940.22000000,36457.00000000,35550.00000000,36114.85000000,15007.23098800,2021-06-19 17:59:59,540455566.20294629,236121,7782.99915700,280299424.24510411,0
2021-06-19 18:00:00,36114.85000000,36210.00000000,35360.08000000,35943.65000000,10375.91885900,2021-06-19 21:59:59,370806722.60301947,191122,5163.68424800,184527567.20257153,0
2021-06-19 22:00:00,35943.65000000,36200.00000000,35394.75000000,35483.72000000,7607.20279900,2021-06-20 01:59:59,272415282.10388544,150826,3693.00643100,132305059.42080726,0
2021-06-20 02:00:00,35483.72000000,35800.00000000,35119.21000000,35527.24000000,8060.73368900,2021-06-20 05:59:59,285994851.63562324,147377,3896.25944700,138277820.56826334,0
2021-06-20 06:00:00,35527.25000000,35922.00000000,35363.02000000,35637.71000000,7298.44262600,2021-06-20 09:59:59,260023144.78639354,123151,3789.60787200,135033446.85196836,0
2021-06-20 10:00:00,35637.72000000,35693.88000000,33724.48000000,33872.90000000,24304.19049100,2021-06-20 13:59:59,837204478.51731035,362009,10979.35669400,378193656.10234801,0
2021-06-20 14:00:00,33870.56000000,34666.00000000,33336.00000000,34422.71000000,23737.23966600,2021-06-20 17:59:59,806848124.35270704,450423,11882.79087700,403961695.26953775,0
2021-06-20 18:00:00,34422.11000000,35700.92000000,34289.00000000,35502.82000000,13435.42780100,2021-06-20 21:59:59,468745127.52432628,300175,6766.22691800,236137428.78282961,0
2021-06-20 22:00:00,35502.83000000,36137.72000000,35380.00000000,35600.16000000,13042.13657700,2021-06-21 01:59:59,465818610.02440019,308736,6879.82557900,245781007.91796479,0
2021-06-21 02:00:00,35600.17000000,35750.00000000,34566.82000000,34649.63000000,12048.18009000,2021-06-21 05:59:59,423767651.53496896,320815,5644.86506500,198588209.86127580,0
2021-06-21 06:00:00,34651.86000000,34725.82000000,32266.00000000,33025.50000000,38363.45210800,2021-06-21 09:59:59,1283216997.12026985,563827,18183.98661600,608258469.76512900,0
2021-06-21 10:00:00,33025.50000000,33577.12000000,31710.00000000,32520.56000000,46870.92431700,2021-06-21 13:59:59,1529588575.06769198,668018,22628.43523500,738621603.68487933,0
2021-06-21 14:00:00,32530.68000000,33222.22000000,31927.91000000,32687.99000000,26966.55245500,2021-06-21 17:59:59,879825668.67916995,384997,13108.30180700,427703714.24722298,0
2021-06-21 18:00:00,32685.84000000,33000.00000000,32034.52000000,32563.89000000,18931.96224300,2021-06-21 21:59:59,614426862.21333905,306572,9313.90804600,302404843.10462264,0
2021-06-21 22:00:00,32563.89000000,32800.00000000,31251.23000000,31608.93000000,25597.80194600,2021-06-22 01:59:59,815100323.17262727,444764,12417.97298200,395456299.52584897,0
2021-06-22 02:00:00,31614.12000000,33260.00000000,31168.00000000,33018.22000000,23909.81423900,2021-06-22 05:59:59,771666196.87754152,373766,11906.64782400,384399186.42774714,0
2021-06-22 06:00:00,33018.21000000,33109.81000000,32479.00000000,32648.98000000,10838.81438400,2021-06-22 09:59:59,354796718.10557074,243246,5351.01004800,175154465.51657323,0
2021-06-22 10:00:00,32647.96000000,32658.63000000,31112.00000000,31243.41000000,31110.25148000,2021-06-22 13:59:59,985758775.14244270,499415,14861.43602700,470929486.07604788,0
2021-06-22 14:00:00,31236.53000000,31980.00000000,28805.00000000,31708.08000000,86060.16240000,2021-06-22 17:59:59,2596603464.67158168,1116142,40016.26906500,1207997021.14513778,0
2021-06-22 18:00:00,31707.56000000,33298.78000000,31620.00000000,32404.06000000,37371.54578400,2021-06-22 21:59:59,1212424343.69218851,595908,19516.50635400,633334051.33373760,0
2021-06-22 22:00:00,32404.06000000,32987.00000000,32150.00000000,32509.56000000,14917.59147500,2021-06-23 01:59:59,484909698.58746385,285500,7497.31294800,243651152.46783777,0
2021-06-23 02:00:00,32509.56000000,34444.00000000,31683.00000000,33966.43000000,32702.64456400,2021-06-23 05:59:59,1093358133.23603651,507430,16724.52818700,559366196.04554916,0
2021-06-23 06:00:00,33969.69000000,34392.10000000,33574.11000000,33982.26000000,18440.42542600,2021-06-23 09:59:59,627365666.80190735,279835,8965.24849600,304989208.50854180,0
2021-06-23 10:00:00,33982.26000000,34500.00000000,33650.21000000,33911.39000000,18341.76516900,2021-06-23 13:59:59,624477032.88234858,298210,8972.27684100,305547681.88272406,0
2021-06-23 14:00:00,33911.40000000,34881.00000000,33400.30000000,33490.14000000,28265.87314500,2021-06-23 17:59:59,962550931.00517736,395193,14278.66846700,486184210.74586933,0
2021-06-23 18:00:00,33490.14000000,33947.17000000,32870.99000000,32879.97000000,16689.64372800,2021-06-23 21:59:59,557621684.15425559,318925,8132.24134400,271805545.91553518,0
2021-06-23 22:00:00,32882.50000000,33785.26000000,32749.01000000,33678.07000000,12525.74853100,2021-06-24 01:59:59,416876985.83971979,226635,6267.06980200,208565922.48858448,0
2021-06-24 02:00:00,33675.07000000,33879.99000000,32339.82000000,32589.20000000,14734.38687800,2021-06-24 05:59:59,485158638.22542214,270662,6685.74995100,220061722.74650401,0
2021-06-24 06:00:00,32589.20000000,33280.55000000,32286.57000000,32853.74000000,13051.05590800,2021-06-24 09:59:59,428374487.00520007,216040,6794.00338700,222971631.76159688,0
2021-06-24 10:00:00,32853.74000000,33930.23000000,32820.61000000,33850.77000000,13506.33742900,2021-06-24 13:59:59,450350907.14972920,234156,6876.52413500,229408099.47462250,0
2021-06-24 14:00:00,33850.78000000,34583.58000000,33756.04000000,33886.52000000,18730.79426700,2021-06-24 17:59:59,638725873.54091412,287240,9643.12359100,328907779.27133498,0
2021-06-24 18:00:00,33888.81000000,35298.00000000,33751.00000000,34857.73000000,18670.72420200,2021-06-24 21:59:59,647230543.82380387,367926,9827.06408900,340822615.37227930,0
2021-06-24 22:00:00,34854.63000000,34999.09000000,34512.00000000,34663.09000000,7932.50557600,2021-06-25 01:59:59,275532772.36090776,155206,4168.24314500,144788929.70043528,0
2021-06-25 02:00:00,34663.08000000,35500.00000000,34251.00000000,35052.07000000,14634.09345600,2021-06-25 05:59:59,510781268.60975123,317258,7034.00530700,245637973.23529284,0
2021-06-25 06:00:00,35057.70000000,35100.00000000,33961.48000000,34283.82000000,12494.56734700,2021-06-25 09:59:59,429872653.49123582,264353,6211.33318800,213637981.50552575,0
2021-06-25 10:00:00,34281.37000000,34480.00000000,33234.37000000,33311.96000000,19245.55540900,2021-06-25 13:59:59,649904709.29648205,428093,9619.36648700,324847143.13733082,0
2021-06-25 14:00:00,33311.96000000,33600.77000000,32351.00000000,32607.07000000,26868.15801900,2021-06-25 17:59:59,886125923.11067491,406282,12971.66031700,427937988.26625166,0
2021-06-25 18:00:00,32607.07000000,32910.64000000,31500.00000000,32220.74000000,28395.53499100,2021-06-25 21:59:59,911010768.00282641,407530,13172.67999100,422738289.91835657,0
2021-06-25 22:00:00,32222.91000000,32369.00000000,31275.00000000,31584.45000000,14423.22113400,2021-06-26 01:59:59,458425220.14632638,271416,6647.11096200,211278902.24202512,0
2021-06-26 02:00:00,31576.09000000,32268.91000000,31300.00000000,31977.59000000,12066.94798800,2021-06-26 05:59:59,384246760.71174152,201836,6099.57391600,194218618.66215079,0
2021-06-26 06:00:00,31979.71000000,32730.00000000,30573.77000000,30720.37000000,21059.90293200,2021-06-26 09:59:59,664888536.01062853,287782,10402.34782300,328581556.38974752,0
2021-06-26 10:00:00,30713.54000000,31883.60000000,30151.00000000,31777.73000000,28487.35290100,2021-06-26 13:59:59,878751023.92678306,397478,13462.78876500,415446394.96938657,0
2021-06-26 14:00:00,31777.90000000,31985.00000000,30505.00000000,31523.50000000,22191.32758200,2021-06-26 17:59:59,693372514.04947533,348580,10957.11768100,342411007.57711368,0
2021-06-26 18:00:00,31526.88000000,31910.00000000,30776.63000000,31573.98000000,13194.03851400,2021-06-26 21:59:59,414107965.32238259,305604,6585.30745300,206773239.20678168,0
2021-06-26 22:00:00,31573.97000000,32300.24000000,30905.78000000,32283.65000000,10820.80537000,2021-06-27 01:59:59,341048651.77211309,272771,5471.02361800,172488003.43529780,0
2021-06-27 02:00:00,32283.65000000,33200.00000000,31973.45000000,33146.91000000,20041.66289800,2021-06-27 05:59:59,655591543.59897243,314165,9852.24293300,322207984.24439207,0
2021-06-27 06:00:00,33146.91000000,33499.00000000,32811.90000000,33283.17000000,13758.16228000,2021-06-27 09:59:59,455789281.37594722,236400,6801.46758700,225327406.60951607,0
2021-06-27 10:00:00,33291.81000000,33451.00000000,32268.00000000,33246.55000000,18424.57704400,2021-06-27 13:59:59,605893798.58944760,301938,8933.89163600,293877539.90968223,0
2021-06-27 14:00:00,33246.56000000,33574.32000000,32717.52000000,33200.02000000,13308.27972100,2021-06-27 17:59:59,441308245.81027094,320954,7000.36516900,232167770.82563639,0
2021-06-27 18:00:00,33200.06000000,33400.00000000,32574.28000000,32815.19000000,10413.35419200,2021-06-27 21:59:59,342656667.61397537,200955,4957.94073300,163145429.85958779,0
2021-06-27 22:00:00,32815.18000000,34749.00000000,32357.13000000,34700.34000000,20667.20807600,2021-06-28 01:59:59,698740620.76171972,425463,11226.62112200,379621899.03380974,0
2021-06-28 02:00:00,34702.49000000,34972.28000000,34254.75000000,34398.36000000,12050.24968700,2021-06-28 05:59:59,416170381.05060997,317987,5852.76366800,202195481.38664864,0
2021-06-28 06:00:00,34395.03000000,35297.71000000,34275.87000000,35028.69000000,14393.10774200,2021-06-28 09:59:59,499738660.83498854,290513,7381.44527500,256306018.83275963,0
2021-06-28 10:00:00,35028.69000000,35172.21000000,33960.00000000,34107.20000000,18422.22846400,2021-06-28 13:59:59,634949215.01410606,352861,9102.60755400,313900476.51005024,0
2021-06-28 14:00:00,34107.20000000,35000.00000000,33862.72000000,34969.99000000,16668.80628300,2021-06-28 17:59:59,573399892.76992265,377300,8210.59195300,282641218.68000003,0
2021-06-28 18:00:00,34969.98000000,35030.92000000,33931.00000000,34441.77000000,13191.36247300,2021-06-28 21:59:59,454460347.78586506,308321,6207.99327000,213914592.70873485,0
2021-06-28 22:00:00,34441.77000000,34819.00000000,34112.03000000,34494.89000000,7496.51317000,2021-06-29 01:59:59,258404282.06890936,221645,3796.89046000,130903643.04644137,0
2021-06-29 02:00:00,34494.89000000,35169.56000000,34225.43000000,34577.16000000,10660.33582900,2021-06-29 05:59:59,369773473.50912072,220428,5494.77458900,190701599.67207871,0
2021-06-29 06:00:00,34577.09000000,35448.00000000,34534.00000000,34849.27000000,13902.37626900,2021-06-29 09:59:59,486328925.27575768,239359,7128.00733900,249354638.94144904,0
2021-06-29 10:00:00,34849.20000000,35768.90000000,34730.00000000,35555.62000000,18117.62780300,2021-06-29 13:59:59,640184866.13317950,284206,9202.74160200,325141568.83450971,0
2021-06-29 14:00:00,35555.64000000,36428.00000000,35343.12000000,36248.99000000,24761.57340200,2021-06-29 17:59:59,892198121.26641876,436711,12075.67066300,435265296.78264576,0
2021-06-29 18:00:00,36248.99000000,36600.00000000,36050.00000000,36382.39000000,12608.46703400,2021-06-29 21:59:59,457788204.79473837,292145,6538.46161700,237442371.79531818,0
2021-06-29 22:00:00,36382.39000000,36488.70000000,35700.01000000,35911.73000000,10738.41588300,2021-06-30 01:59:59,387674200.88417354,200953,4936.93181900,178187528.82616333,0
2021-06-30 02:00:00,35911.72000000,36100.00000000,34936.00000000,35119.99000000,10635.08798300,2021-06-30 05:59:59,378209633.38571396,209135,4587.33494000,163262357.15958648,0
2021-06-30 06:00:00,35119.99000000,35290.97000000,34666.00000000,35250.54000000,14395.66873700,2021-06-30 09:59:59,503378019.67390159,236324,7143.28289900,249873094.19877858,0
2021-06-30 10:00:00,35250.54000000,35333.33000000,34401.01000000,34849.99000000,13891.52965400,2021-06-30 13:59:59,482843984.79570916,225367,6379.71889200,221765592.25633761,0
2021-06-30 14:00:00,34849.99000000,35010.85000000,34083.92000000,34193.44000000,13930.30833100,2021-06-30 17:59:59,480986955.49256425,223030,6391.96027500,220786128.51472666,0
2021-06-30 18:00:00,34193.44000000,34899.00000000,34017.55000000,34743.56000000,12128.06155200,2021-06-30 21:59:59,418796704.52698953,198756,6264.18990800,216346216.93100125,0
2021-06-30 22:00:00,34743.56000000,35194.04000000,34391.43000000,35045.00000000,12171.54137700,2021-07-01 01:59:59,424723993.22079464,208424,6269.28276000,218839957.16373187,0
2021-07-01 02:00:00,35045.00000000,35057.57000000,34120.00000000,34120.01000000,9448.17188900,2021-07-01 05:59:59,326752672.54443292,173345,4451.59805400,154009974.04286972,0
2021-07-01 06:00:00,34120.01000000,34467.09000000,33312.52000000,33348.30000000,15251.68312800,2021-07-01 09:59:59,515419007.21463960,258349,7033.06718300,237607987.05216085,0
2021-07-01 10:00:00,33350.00000000,33749.00000000,33001.00000000,33717.52000000,13370.62460000,2021-07-01 13:59:59,446144140.45332313,229754,6615.24040700,220780120.17985146,0
2021-07-01 14:00:00,33717.52000000,33917.93000000,33055.00000000,33432.54000000,13280.17268200,2021-07-01 17:59:59,444566816.44234094,217875,6682.35437400,223739042.21431371,0
2021-07-01 18:00:00,33432.54000000,33654.49000000,32711.00000000,33091.48000000,12799.47703300,2021-07-01 21:59:59,425210902.73742898,208496,6425.59266900,213517738.02396331,0
2021-07-01 22:00:00,33091.48000000,33649.00000000,33091.48000000,33504.69000000,7558.13678000,2021-07-02 01:59:59,252716055.99829137,152862,3778.20232900,126347355.05252198,0
2021-07-02 02:00:00,33502.33000000,33977.04000000,32767.74000000,32907.22000000,9793.72481800,2021-07-02 05:59:59,326693061.77386074,177070,4658.42117700,155415710.24928415,0
2021-07-02 06:00:00,32907.22000000,33500.36000000,32699.00000000,33358.26000000,9171.45818500,2021-07-02 09:59:59,303034885.72179367,165888,4543.15743300,150154341.50567341,0
2021-07-02 10:00:00,33358.32000000,33620.00000000,32770.00000000,33023.01000000,10637.55849500,2021-07-02 13:59:59,352300661.57828274,186069,4897.63866500,162219362.91937855,0
2021-07-02 14:00:00,33023.35000000,33724.34000000,32872.00000000,33704.91000000,12912.41869700,2021-07-02 17:59:59,430973897.33934933,301413,6346.37045200,211859283.70201151,0
2021-07-02 18:00:00,33704.90000000,33795.16000000,33109.76000000,33327.71000000,7029.74519600,2021-07-02 21:59:59,235053756.63456463,177477,3426.89219900,114591743.51652474,0
2021-07-02 22:00:00,33327.71000000,33898.95000000,33041.65000000,33786.55000000,6627.27598700,2021-07-03 01:59:59,222136779.34568605,168540,3399.17807900,113963069.44827726,0
2021-07-03 02:00:00,33786.54000000,33914.60000000,33316.73000000,33524.47000000,5473.35392900,2021-07-03 05:59:59,183831263.68241587,196502,2556.35804600,85869935.55860439,0
2021-07-03 06:00:00,33524.48000000,34663.48000000,33444.25000000,34499.54000000,9114.37611100,2021-07-03 09:59:59,309877846.42457132,222929,5073.18040500,172515156.68599139,0
2021-07-03 10:00:00,34499.53000000,34780.00000000,34406.00000000,34608.04000000,9722.86069300,2021-07-03 13:59:59,336014174.04251545,181066,4436.42042400,153325865.70724314,0
2021-07-03 14:00:00,34608.04000000,34816.50000000,34470.00000000,34608.48000000,5945.66025100,2021-07-03 17:59:59,205895348.43372962,133303,3117.66929300,107975092.34648834,0
2021-07-03 18:00:00,34608.48000000,34945.61000000,34485.49000000,34745.98000000,5599.18908100,2021-07-03 21:59:59,194151165.47197330,148409,2624.50841000,91029593.85347829,0
2021-07-03 22:00:00,34745.99000000,34914.76000000,34250.48000000,34669.13000000,7189.13857600,2021-07-04 01:59:59,248653225.44827747,196069,3523.73846700,121870582.32076626,0
2021-07-04 02:00:00,34669.12000000,34771.64000000,34357.15000000,34641.61000000,4554.15036100,2021-07-04 05:59:59,157414439.53271903,148242,2258.26906800,78068674.44764071,0
2021-07-04 06:00:00,34641.62000000,35727.00000000,34621.41000000,35600.63000000,12944.36734100,2021-07-04 09:59:59,456628162.45577913,274794,6416.06207700,226009423.21926805,0
2021-07-04 10:00:00,35603.02000000,35687.18000000,35364.21000000,35512.34000000,6624.02832100,2021-07-04 13:59:59,235184675.13642289,199620,2911.64568100,103403149.80587039,0
2021-07-04 14:00:00,35512.34000000,35572.72000000,35230.76000000,35513.29000000,5663.23474000,2021-07-04 17:59:59,200524929.80775049,127126,2586.41164400,91588835.34079664,0
2021-07-04 18:00:00,35513.28000000,35687.54000000,35385.00000000,35575.01000000,5385.77536400,2021-07-04 21:59:59,191322166.69109604,132212,2545.70450600,90437103.09114338,0
2021-07-04 22:00:00,35575.01000000,35967.85000000,35135.00000000,35286.51000000,8531.91966200,2021-07-05 01:59:59,303383838.76886555,282976,4462.24209300,158680208.33486165,0
2021-07-05 02:00:00,35288.13000000,35293.78000000,34180.18000000,34350.89000000,11996.62204400,2021-07-05 05:59:59,415756197.74293499,205419,5649.40246900,195791182.92569702,0
2021-07-05 06:00:00,34351.25000000,34415.64000000,34000.00000000,34256.17000000,10134.85081900,2021-07-05 09:59:59,346936190.40414886,166217,4926.54795100,168636405.71259222,0
2021-07-05 10:00:00,34257.37000000,34558.99000000,33300.00000000,33379.96000000,13547.30267600,2021-07-05 13:59:59,460246487.00602905,228597,6323.25673900,214928903.95697754,0
2021-07-05 14:00:00,33379.96000000,33777.00000000,33301.22000000,33585.91000000,10002.89574000,2021-07-05 17:59:59,335983972.95173032,171029,5395.55806300,181210432.60304639,0
2021-07-05 18:00:00,33585.89000000,34274.33000000,33125.55000000,34117.97000000,11504.59106800,2021-07-05 21:59:59,388749897.72528005,198340,5844.71068400,197575305.47921183,0
2021-07-05 22:00:00,34117.98000000,34210.00000000,33670.01000000,33690.14000000,6937.61189800,2021-07-06 01:59:59,235733511.66370592,139765,3350.37946600,113825184.74778592,0
2021-07-06 02:00:00,33690.15000000,34169.10000000,33634.76000000,33920.69000000,5629.95420000,2021-07-06 05:59:59,190929908.43932350,121752,2757.66610500,93512855.64673109,0
2021-07-06 06:00:00,33920.69000000,34959.73000000,33908.09000000,34874.85000000,11865.17587500,2021-07-06 09:59:59,411298310.79661834,221339,5799.24995400,200977518.01853455,0
2021-07-06 10:00:00,34874.85000000,35118.88000000,33730.00000000,34067.31000000,15276.33286700,2021-07-06 13:59:59,523862430.85362998,266688,6890.20133000,236272923.16741088,0
2021-07-06 14:00:00,34067.31000000,34516.38000000,33800.01000000,34042.43000000,11702.40108800,2021-07-06 17:59:59,399587225.38351811,237342,5675.62716600,193846521.44870458,0
2021-07-06 18:00:00,34042.44000000,34190.00000000,33532.00000000,34019.99000000,8290.83775700,2021-07-06 21:59:59,280983827.72929914,200646,3924.61499000,133046763.68909253,0
2021-07-06 22:00:00,34019.99000000,34323.77000000,33628.81000000,34220.01000000,5445.89456200,2021-07-07 01:59:59,185029397.74587678,136920,2754.59494800,93612442.06747604,0
2021-07-07 02:00:00,34220.02000000,34530.00000000,33941.00000000,34446.50000000,11101.28221200,2021-07-07 05:59:59,379309932.92202876,182042,6488.84230200,221628786.57919065,0
2021-07-07 06:00:00,34445.55000000,34919.28000000,34373.02000000,34710.38000000,11129.03116000,2021-07-07 09:59:59,386412720.21631491,202541,5652.27033500,196218991.59922754,0
2021-07-07 10:00:00,34710.40000000,34989.00000000,34457.11000000,34827.96000000,8225.43788100,2021-07-07 13:59:59,285862306.52689088,166900,4133.71111400,143669819.96343009,0
2021-07-07 14:00:00,34827.97000000,35059.09000000,34477.13000000,34528.60000000,9621.90750600,2021-07-07 17:59:59,334413209.53475901,195434,4737.72241700,164648790.71341416,0
2021-07-07 18:00:00,34528.60000000,34784.00000000,34412.43000000,34628.72000000,5806.11186800,2021-07-07 21:59:59,201003931.10805529,130625,2744.95831700,95037537.65176810,0
2021-07-07 22:00:00,34628.71000000,34628.71000000,33777.77000000,33862.12000000,7923.75104800,2021-07-08 01:59:59,270655928.17275506,163874,3537.41944200,120780661.46859162,0
2021-07-08 02:00:00,33862.11000000,33929.64000000,33066.00000000,33305.65000000,14140.83217200,2021-07-08 05:59:59,471948138.27046494,259166,6576.55913200,219501044.99587984,0
2021-07-08 06:00:00,33305.66000000,33512.53000000,32242.07000000,32487.57000000,16322.33581200,2021-07-08 09:59:59,538024153.44256315,273377,7802.06957100,257203973.41021081,0
2021-07-08 10:00:00,32487.56000000,32748.88000000,32077.00000000,32696.44000000,15022.67098000,2021-07-08 13:59:59,487255071.97586032,244956,8249.47603000,267360170.42641244,0
2021-07-08 14:00:00,32696.43000000,32988.87000000,32350.00000000,32900.01000000,10513.95442800,2021-07-08 17:59:59,343706675.70289201,179968,5270.21041100,172312182.85146472,0
2021-07-08 18:00:00,32900.05000000,33177.06000000,32641.36000000,33003.52000000,7693.81997600,2021-07-08 21:59:59,252932705.51489010,159520,3873.39872800,127344187.54571855,0
2021-07-08 22:00:00,33002.45000000,33067.09000000,32508.00000000,32875.71000000,6442.86695200,2021-07-09 01:59:59,211106275.39204468,140905,3332.94135300,109206780.59215647,0
2021-07-09 02:00:00,32875.71000000,33100.00000000,32261.07000000,32941.81000000,10152.73352900,2021-07-09 05:59:59,331869667.91510533,209918,5062.86712200,165411567.95660926,0
2021-07-09 06:00:00,32941.81000000,33310.00000000,32742.00000000,32910.21000000,7671.50457200,2021-07-09 09:59:59,252971304.43263678,253630,3960.20796800,130570776.01641089,0
2021-07-09 10:00:00,32902.13000000,33065.00000000,32598.00000000,32774.99000000,6198.98094400,2021-07-09 13:59:59,203583595.14504961,179304,3066.34355400,100718786.90740799,0
2021-07-09 14:00:00,32774.99000000,33682.43000000,32635.08000000,33558.67000000,11898.29508100,2021-07-09 17:59:59,396400492.12814904,287664,5883.35986600,196022020.10871755,0
2021-07-09 18:00:00,33558.81000000,33696.40000000,33287.00000000,33445.31000000,4967.91252400,2021-07-09 21:59:59,166283995.50369896,127912,2279.64451700,76321967.04905835,0
2021-07-09 22:00:00,33445.31000000,34100.00000000,33374.83000000,33815.81000000,6264.51324900,2021-07-10 01:59:59,211849184.26673648,177923,3407.64557400,115243493.09432458,0
2021-07-10 02:00:00,33815.81000000,34262.00000000,33631.00000000,33800.03000000,6746.82997100,2021-07-10 05:59:59,228785106.41740455,157710,3386.29227900,114834705.91141724,0
2021-07-10 06:00:00,33800.04000000,33909.67000000,33458.84000000,33766.01000000,5186.81936800,2021-07-10 09:59:59,174744100.70252050,104298,2464.15105900,83032822.80793760,0
2021-07-10 10:00:00,33766.01000000,33950.00000000,33565.00000000,33793.94000000,5564.21435700,2021-07-10 13:59:59,187834523.66525506,173632,2646.71317600,89354327.39187641,0
2021-07-10 14:00:00,33793.95000000,33943.40000000,33634.16000000,33862.54000000,4351.61998800,2021-07-10 17:59:59,147074444.38229792,100954,2263.83851000,76531037.87813585,0
2021-07-10 18:00:00,33862.55000000,34192.00000000,33223.31000000,33409.92000000,8230.26531700,2021-07-10 21:59:59,277050774.06128743,222655,4000.54663000,134701135.56154861,0
2021-07-10 22:00:00,33411.41000000,33698.99000000,33004.78000000,33502.87000000,4681.42646700,2021-07-11 01:59:59,156301161.85422989,106259,2251.21754300,75184376.99610812,0
2021-07-11 02:00:00,33502.87000000,33817.83000000,33387.72000000,33448.97000000,4140.62240700,2021-07-11 05:59:59,139105964.28621188,123528,1917.74508800,64446996.92385759,0
2021-07-11 06:00:00,33448.97000000,33642.74000000,33306.47000000,33508.83000000,3654.10805200,2021-07-11 09:59:59,122319321.63255485,147957,1858.03443600,62198004.53335892,0
2021-07-11 10:00:00,33508.82000000,33870.00000000,33424.84000000,33814.84000000,5115.48880100,2021-07-11 13:59:59,172467606.03824598,151327,2800.75980300,94449177.32399488,0
2021-07-11 14:00:00,33814.82000000,33994.69000000,33654.36000000,33948.68000000,4991.53490000,2021-07-11 17:59:59,168928603.79099902,160954,2494.71322400,84426603.78488332,0
2021-07-11 18:00:00,33948.68000000,34123.08000000,33779.68000000,33894.57000000,4947.45172100,2021-07-11 21:59:59,167898274.85384200,126377,2390.66422900,81142673.41360798,0
2021-07-11 22:00:00,33894.57000000,34666.00000000,33710.94000000,34258.99000000,8723.44156700,2021-07-12 01:59:59,299313242.59019113,242748,4972.62072800,170673332.71690504,0
2021-07-12 02:00:00,34259.00000000,34537.39000000,34006.92000000,34447.92000000,6394.39918900,2021-07-12 05:59:59,219143052.31219381,163376,2900.72966700,99417195.61267529,0
2021-07-12 06:00:00,34447.92000000,34678.43000000,34160.39000000,34281.74000000,6643.00024400,2021-07-12 09:59:59,228329564.48468361,175390,2876.38296800,98861158.11692214,0
2021-07-12 10:00:00,34281.74000000,34488.27000000,33525.66000000,33530.00000000,9513.20322100,2021-07-12 13:59:59,322895170.37730960,310918,4480.60443300,152049281.16235573,0
2021-07-12 14:00:00,33530.00000000,33636.92000000,33316.20000000,33337.49000000,7924.80962700,2021-07-12 17:59:59,265295420.94941101,196371,3806.82144800,127457852.13066274,0
2021-07-12 18:00:00,33337.49000000,33441.00000000,32750.00000000,32822.85000000,10522.02244800,2021-07-12 21:59:59,348373514.47949006,198192,4896.01022200,162153588.39338847,0
2021-07-12 22:00:00,32822.85000000,33284.99000000,32658.34000000,33086.63000000,7183.96903300,2021-07-13 01:59:59,236610018.73187520,132600,3642.35856800,119938835.61904226,0
2021-07-13 02:00:00,33086.94000000,33229.00000000,32830.98000000,33071.14000000,4947.52162800,2021-07-13 05:59:59,163684808.67525931,104205,2429.98767400,80418561.90649963,0
2021-07-13 06:00:00,33071.13000000,33333.33000000,32742.01000000,33180.08000000,6496.09788200,2021-07-13 09:59:59,214539412.85370484,129268,3260.98415900,107729055.90701351,0
2021-07-13 10:00:00,33180.11000000,33340.00000000,33101.57000000,33180.29000000,3742.71463300,2021-07-13 13:59:59,124315712.71490790,92891,1894.89571700,62941172.02213450,0
